--
-- PostgreSQL database dump
--

-- Dumped from database version 17.2
-- Dumped by pg_dump version 17.2

-- Started on 2025-02-26 14:20:53

SET statement_timeout = 0;
SET lock_timeout = 0;
SET idle_in_transaction_session_timeout = 0;
SET transaction_timeout = 0;
SET client_encoding = 'UTF8';
SET standard_conforming_strings = on;
SELECT pg_catalog.set_config('search_path', '', false);
SET check_function_bodies = false;
SET xmloption = content;
SET client_min_messages = warning;
SET row_security = off;

SET default_tablespace = '';

SET default_table_access_method = heap;

--
-- TOC entry 217 (class 1259 OID 24577)
-- Name: AspNetRoleClaims; Type: TABLE; Schema: public; Owner: postgres
--

CREATE TABLE public."AspNetRoleClaims" (
    "Id" integer NOT NULL,
    "RoleId" text NOT NULL,
    "ClaimType" text,
    "ClaimValue" text
);


ALTER TABLE public."AspNetRoleClaims" OWNER TO postgres;

--
-- TOC entry 218 (class 1259 OID 24582)
-- Name: AspNetRoleClaims_Id_seq; Type: SEQUENCE; Schema: public; Owner: postgres
--

ALTER TABLE public."AspNetRoleClaims" ALTER COLUMN "Id" ADD GENERATED BY DEFAULT AS IDENTITY (
    SEQUENCE NAME public."AspNetRoleClaims_Id_seq"
    START WITH 1
    INCREMENT BY 1
    NO MINVALUE
    NO MAXVALUE
    CACHE 1
);


--
-- TOC entry 219 (class 1259 OID 24583)
-- Name: AspNetRoles; Type: TABLE; Schema: public; Owner: postgres
--

CREATE TABLE public."AspNetRoles" (
    "Id" text NOT NULL,
    "Name" character varying(256),
    "NormalizedName" character varying(256),
    "ConcurrencyStamp" text
);


ALTER TABLE public."AspNetRoles" OWNER TO postgres;

--
-- TOC entry 220 (class 1259 OID 24588)
-- Name: AspNetUserClaims; Type: TABLE; Schema: public; Owner: postgres
--

CREATE TABLE public."AspNetUserClaims" (
    "Id" integer NOT NULL,
    "UserId" text NOT NULL,
    "ClaimType" text,
    "ClaimValue" text
);


ALTER TABLE public."AspNetUserClaims" OWNER TO postgres;

--
-- TOC entry 221 (class 1259 OID 24593)
-- Name: AspNetUserClaims_Id_seq; Type: SEQUENCE; Schema: public; Owner: postgres
--

ALTER TABLE public."AspNetUserClaims" ALTER COLUMN "Id" ADD GENERATED BY DEFAULT AS IDENTITY (
    SEQUENCE NAME public."AspNetUserClaims_Id_seq"
    START WITH 1
    INCREMENT BY 1
    NO MINVALUE
    NO MAXVALUE
    CACHE 1
);


--
-- TOC entry 222 (class 1259 OID 24594)
-- Name: AspNetUserLogins; Type: TABLE; Schema: public; Owner: postgres
--

CREATE TABLE public."AspNetUserLogins" (
    "LoginProvider" text NOT NULL,
    "ProviderKey" text NOT NULL,
    "ProviderDisplayName" text,
    "UserId" text NOT NULL
);


ALTER TABLE public."AspNetUserLogins" OWNER TO postgres;

--
-- TOC entry 223 (class 1259 OID 24599)
-- Name: AspNetUserRoles; Type: TABLE; Schema: public; Owner: postgres
--

CREATE TABLE public."AspNetUserRoles" (
    "UserId" text NOT NULL,
    "RoleId" text NOT NULL
);


ALTER TABLE public."AspNetUserRoles" OWNER TO postgres;

--
-- TOC entry 224 (class 1259 OID 24604)
-- Name: AspNetUserTokens; Type: TABLE; Schema: public; Owner: postgres
--

CREATE TABLE public."AspNetUserTokens" (
    "UserId" text NOT NULL,
    "LoginProvider" text NOT NULL,
    "Name" text NOT NULL,
    "Value" text
);


ALTER TABLE public."AspNetUserTokens" OWNER TO postgres;

--
-- TOC entry 225 (class 1259 OID 24609)
-- Name: AspNetUsers; Type: TABLE; Schema: public; Owner: postgres
--

CREATE TABLE public."AspNetUsers" (
    "Id" text NOT NULL,
    "Name" text,
    "UserName" character varying(256),
    "NormalizedUserName" character varying(256),
    "Email" character varying(256),
    "NormalizedEmail" character varying(256),
    "EmailConfirmed" boolean NOT NULL,
    "PasswordHash" text,
    "SecurityStamp" text,
    "ConcurrencyStamp" text,
    "PhoneNumber" text,
    "PhoneNumberConfirmed" boolean NOT NULL,
    "TwoFactorEnabled" boolean NOT NULL,
    "LockoutEnd" timestamp with time zone,
    "LockoutEnabled" boolean NOT NULL,
    "AccessFailedCount" integer NOT NULL
);


ALTER TABLE public."AspNetUsers" OWNER TO postgres;

--
-- TOC entry 226 (class 1259 OID 24614)
-- Name: ClassRoomMember; Type: TABLE; Schema: public; Owner: postgres
--

CREATE TABLE public."ClassRoomMember" (
    "Id" integer NOT NULL,
    "StudentId" integer NOT NULL,
    "ClassRoomId" integer
);


ALTER TABLE public."ClassRoomMember" OWNER TO postgres;

--
-- TOC entry 227 (class 1259 OID 24617)
-- Name: ClassRoomMember_Id_seq; Type: SEQUENCE; Schema: public; Owner: postgres
--

ALTER TABLE public."ClassRoomMember" ALTER COLUMN "Id" ADD GENERATED BY DEFAULT AS IDENTITY (
    SEQUENCE NAME public."ClassRoomMember_Id_seq"
    START WITH 1
    INCREMENT BY 1
    NO MINVALUE
    NO MAXVALUE
    CACHE 1
);


--
-- TOC entry 228 (class 1259 OID 24618)
-- Name: ClassRooms; Type: TABLE; Schema: public; Owner: postgres
--

CREATE TABLE public."ClassRooms" (
    "Id" integer NOT NULL,
    "Name" text NOT NULL,
    "SchoolYearId" integer NOT NULL,
    "Level" integer NOT NULL,
    "DepartmentId" integer NOT NULL,
    "ClassLeaderId" integer,
    "HomeroomTeacherId" integer
);


ALTER TABLE public."ClassRooms" OWNER TO postgres;

--
-- TOC entry 229 (class 1259 OID 24623)
-- Name: ClassRooms_Id_seq; Type: SEQUENCE; Schema: public; Owner: postgres
--

ALTER TABLE public."ClassRooms" ALTER COLUMN "Id" ADD GENERATED BY DEFAULT AS IDENTITY (
    SEQUENCE NAME public."ClassRooms_Id_seq"
    START WITH 1
    INCREMENT BY 1
    NO MINVALUE
    NO MAXVALUE
    CACHE 1
);


--
-- TOC entry 230 (class 1259 OID 24624)
-- Name: DailyJournal; Type: TABLE; Schema: public; Owner: postgres
--

CREATE TABLE public."DailyJournal" (
    "Id" integer NOT NULL,
    "Title" text,
    "Content" text,
    "TeacherId" integer NOT NULL,
    "CreateAt" timestamp with time zone NOT NULL,
    "PicketId" integer
);


ALTER TABLE public."DailyJournal" OWNER TO postgres;

--
-- TOC entry 231 (class 1259 OID 24629)
-- Name: DailyJournal_Id_seq; Type: SEQUENCE; Schema: public; Owner: postgres
--

ALTER TABLE public."DailyJournal" ALTER COLUMN "Id" ADD GENERATED BY DEFAULT AS IDENTITY (
    SEQUENCE NAME public."DailyJournal_Id_seq"
    START WITH 1
    INCREMENT BY 1
    NO MINVALUE
    NO MAXVALUE
    CACHE 1
);


--
-- TOC entry 232 (class 1259 OID 24630)
-- Name: Departments; Type: TABLE; Schema: public; Owner: postgres
--

CREATE TABLE public."Departments" (
    "Id" integer NOT NULL,
    "Name" text,
    "Initial" text,
    "Description" text
);


ALTER TABLE public."Departments" OWNER TO postgres;

--
-- TOC entry 233 (class 1259 OID 24635)
-- Name: Departments_Id_seq; Type: SEQUENCE; Schema: public; Owner: postgres
--

ALTER TABLE public."Departments" ALTER COLUMN "Id" ADD GENERATED BY DEFAULT AS IDENTITY (
    SEQUENCE NAME public."Departments_Id_seq"
    START WITH 1
    INCREMENT BY 1
    NO MINVALUE
    NO MAXVALUE
    CACHE 1
);


--
-- TOC entry 234 (class 1259 OID 24636)
-- Name: LateAndGoHomeEarly; Type: TABLE; Schema: public; Owner: postgres
--

CREATE TABLE public."LateAndGoHomeEarly" (
    "Id" integer NOT NULL,
    "StudentId" integer,
    "CreateAt" timestamp with time zone NOT NULL,
    "Time" interval,
    "AttendanceStatus" integer NOT NULL,
    "LateAndGoHomeEarlyStatus" integer NOT NULL,
    "Description" text,
    "CreatedById" integer,
    "PicketId" integer
);


ALTER TABLE public."LateAndGoHomeEarly" OWNER TO postgres;

--
-- TOC entry 235 (class 1259 OID 24641)
-- Name: LateAndGoHomeEarly_Id_seq; Type: SEQUENCE; Schema: public; Owner: postgres
--

ALTER TABLE public."LateAndGoHomeEarly" ALTER COLUMN "Id" ADD GENERATED BY DEFAULT AS IDENTITY (
    SEQUENCE NAME public."LateAndGoHomeEarly_Id_seq"
    START WITH 1
    INCREMENT BY 1
    NO MINVALUE
    NO MAXVALUE
    CACHE 1
);


--
-- TOC entry 236 (class 1259 OID 24642)
-- Name: Picket; Type: TABLE; Schema: public; Owner: postgres
--

CREATE TABLE public."Picket" (
    "Id" integer NOT NULL,
    "Date" date NOT NULL,
    "Weather" integer NOT NULL,
    "StartAt" interval,
    "EndAt" interval,
    "CreatedById" integer,
    "CreateAt" timestamp with time zone NOT NULL
);


ALTER TABLE public."Picket" OWNER TO postgres;

--
-- TOC entry 237 (class 1259 OID 24645)
-- Name: Picket_Id_seq; Type: SEQUENCE; Schema: public; Owner: postgres
--

ALTER TABLE public."Picket" ALTER COLUMN "Id" ADD GENERATED BY DEFAULT AS IDENTITY (
    SEQUENCE NAME public."Picket_Id_seq"
    START WITH 1
    INCREMENT BY 1
    NO MINVALUE
    NO MAXVALUE
    CACHE 1
);


--
-- TOC entry 238 (class 1259 OID 24646)
-- Name: Schedules; Type: TABLE; Schema: public; Owner: postgres
--

CREATE TABLE public."Schedules" (
    "Id" integer NOT NULL,
    "SchoolYearId" integer NOT NULL,
    "DayOfWeek" integer NOT NULL,
    "TeacherId" integer NOT NULL
);


ALTER TABLE public."Schedules" OWNER TO postgres;

--
-- TOC entry 239 (class 1259 OID 24649)
-- Name: Schedules_Id_seq; Type: SEQUENCE; Schema: public; Owner: postgres
--

ALTER TABLE public."Schedules" ALTER COLUMN "Id" ADD GENERATED BY DEFAULT AS IDENTITY (
    SEQUENCE NAME public."Schedules_Id_seq"
    START WITH 1
    INCREMENT BY 1
    NO MINVALUE
    NO MAXVALUE
    CACHE 1
);


--
-- TOC entry 240 (class 1259 OID 24650)
-- Name: SchoolYears; Type: TABLE; Schema: public; Owner: postgres
--

CREATE TABLE public."SchoolYears" (
    "Id" integer NOT NULL,
    "Year" integer NOT NULL,
    "Semester" integer NOT NULL,
    "Actived" boolean NOT NULL
);


ALTER TABLE public."SchoolYears" OWNER TO postgres;

--
-- TOC entry 241 (class 1259 OID 24653)
-- Name: SchoolYears_Id_seq; Type: SEQUENCE; Schema: public; Owner: postgres
--

ALTER TABLE public."SchoolYears" ALTER COLUMN "Id" ADD GENERATED BY DEFAULT AS IDENTITY (
    SEQUENCE NAME public."SchoolYears_Id_seq"
    START WITH 1
    INCREMENT BY 1
    NO MINVALUE
    NO MAXVALUE
    CACHE 1
);


--
-- TOC entry 242 (class 1259 OID 24654)
-- Name: StudentAttendaces; Type: TABLE; Schema: public; Owner: postgres
--

CREATE TABLE public."StudentAttendaces" (
    "Id" uuid NOT NULL,
    "StudentId" integer NOT NULL,
    "TimeIn" timestamp with time zone NOT NULL,
    "TimeOut" timestamp with time zone,
    "AttendanceStatus" integer NOT NULL,
    "Description" text,
    "CreateAt" timestamp with time zone NOT NULL,
    "PicketId" integer DEFAULT 0 NOT NULL
);


ALTER TABLE public."StudentAttendaces" OWNER TO postgres;

--
-- TOC entry 243 (class 1259 OID 24660)
-- Name: Students; Type: TABLE; Schema: public; Owner: postgres
--

CREATE TABLE public."Students" (
    "Id" integer NOT NULL,
    "NIS" text NOT NULL,
    "NISN" text,
    "Gender" integer NOT NULL,
    "Name" text,
    "PlaceOfBorn" text,
    "DateOfBorn" date NOT NULL,
    "Email" text,
    "Description" text,
    "Photo" text,
    "UserId" text
);


ALTER TABLE public."Students" OWNER TO postgres;

--
-- TOC entry 244 (class 1259 OID 24665)
-- Name: Students_Id_seq; Type: SEQUENCE; Schema: public; Owner: postgres
--

ALTER TABLE public."Students" ALTER COLUMN "Id" ADD GENERATED BY DEFAULT AS IDENTITY (
    SEQUENCE NAME public."Students_Id_seq"
    START WITH 1
    INCREMENT BY 1
    NO MINVALUE
    NO MAXVALUE
    CACHE 1
);


--
-- TOC entry 245 (class 1259 OID 24666)
-- Name: TeacherAttendances; Type: TABLE; Schema: public; Owner: postgres
--

CREATE TABLE public."TeacherAttendances" (
    "Id" uuid NOT NULL,
    "TeacherId" integer,
    "TimeIn" timestamp with time zone NOT NULL,
    "TimeOut" timestamp with time zone,
    "AttendanceStatus" integer NOT NULL,
    "Description" text,
    "CreateAt" timestamp with time zone NOT NULL
);


ALTER TABLE public."TeacherAttendances" OWNER TO postgres;

--
-- TOC entry 246 (class 1259 OID 24671)
-- Name: Teachers; Type: TABLE; Schema: public; Owner: postgres
--

CREATE TABLE public."Teachers" (
    "Id" integer NOT NULL,
    "RegisterNumber" text,
    "Gender" integer NOT NULL,
    "Name" text,
    "PlaceOfBorn" text,
    "DateOfBorn" date NOT NULL,
    "Email" text,
    "Description" text,
    "Photo" text,
    "UserId" text
);


ALTER TABLE public."Teachers" OWNER TO postgres;

--
-- TOC entry 247 (class 1259 OID 24676)
-- Name: Teachers_Id_seq; Type: SEQUENCE; Schema: public; Owner: postgres
--

ALTER TABLE public."Teachers" ALTER COLUMN "Id" ADD GENERATED BY DEFAULT AS IDENTITY (
    SEQUENCE NAME public."Teachers_Id_seq"
    START WITH 1
    INCREMENT BY 1
    NO MINVALUE
    NO MAXVALUE
    CACHE 1
);


--
-- TOC entry 248 (class 1259 OID 24677)
-- Name: __EFMigrationsHistory; Type: TABLE; Schema: public; Owner: postgres
--

CREATE TABLE public."__EFMigrationsHistory" (
    "MigrationId" character varying(150) NOT NULL,
    "ProductVersion" character varying(32) NOT NULL
);


ALTER TABLE public."__EFMigrationsHistory" OWNER TO postgres;

--
-- TOC entry 4944 (class 0 OID 24577)
-- Dependencies: 217
-- Data for Name: AspNetRoleClaims; Type: TABLE DATA; Schema: public; Owner: postgres
--

COPY public."AspNetRoleClaims" ("Id", "RoleId", "ClaimType", "ClaimValue") FROM stdin;
\.


--
-- TOC entry 4946 (class 0 OID 24583)
-- Dependencies: 219
-- Data for Name: AspNetRoles; Type: TABLE DATA; Schema: public; Owner: postgres
--

COPY public."AspNetRoles" ("Id", "Name", "NormalizedName", "ConcurrencyStamp") FROM stdin;
64ee0f78-3eb2-4616-8c3c-71bad5279106	Admin	ADMIN	\N
5ec1e324-c4e6-4658-a77a-102e8dea6b3d	HeadOfSchool	HEADOFSCHOOL	\N
f90ec74f-f48c-4b47-bf26-8eb9070a0cf0	Teacher	TEACHER	\N
2d784d66-f605-4880-a90f-52ca316dbb51	Student	STUDENT	\N
\.


--
-- TOC entry 4947 (class 0 OID 24588)
-- Dependencies: 220
-- Data for Name: AspNetUserClaims; Type: TABLE DATA; Schema: public; Owner: postgres
--

COPY public."AspNetUserClaims" ("Id", "UserId", "ClaimType", "ClaimValue") FROM stdin;
\.


--
-- TOC entry 4949 (class 0 OID 24594)
-- Dependencies: 222
-- Data for Name: AspNetUserLogins; Type: TABLE DATA; Schema: public; Owner: postgres
--

COPY public."AspNetUserLogins" ("LoginProvider", "ProviderKey", "ProviderDisplayName", "UserId") FROM stdin;
\.


--
-- TOC entry 4950 (class 0 OID 24599)
-- Dependencies: 223
-- Data for Name: AspNetUserRoles; Type: TABLE DATA; Schema: public; Owner: postgres
--

COPY public."AspNetUserRoles" ("UserId", "RoleId") FROM stdin;
49955316-9ced-4583-bacf-9d7e3d9c3225	64ee0f78-3eb2-4616-8c3c-71bad5279106
7f9a9e2d-c1ff-47e6-a150-9caa711e7cb7	f90ec74f-f48c-4b47-bf26-8eb9070a0cf0
29acac2b-67ad-4fe3-9a94-bef3ef0c69f4	f90ec74f-f48c-4b47-bf26-8eb9070a0cf0
fb5e0781-0071-40c2-b707-a871937529c6	f90ec74f-f48c-4b47-bf26-8eb9070a0cf0
93bb1569-b81c-43c9-8b46-743bc5847616	f90ec74f-f48c-4b47-bf26-8eb9070a0cf0
c5441ad4-d641-4025-aafc-6c92dd521b44	f90ec74f-f48c-4b47-bf26-8eb9070a0cf0
0ae84d5b-a92d-46fc-9573-fa88f5871d61	f90ec74f-f48c-4b47-bf26-8eb9070a0cf0
7b4c0ce6-39e7-493d-bdde-c3a47f2c430f	f90ec74f-f48c-4b47-bf26-8eb9070a0cf0
23ed1636-e6dc-4267-994f-12129f48b3b4	f90ec74f-f48c-4b47-bf26-8eb9070a0cf0
7742ccd6-3675-4cbd-beec-841ad6025676	f90ec74f-f48c-4b47-bf26-8eb9070a0cf0
7c4fcd71-706e-465f-8da3-7982138cbd61	f90ec74f-f48c-4b47-bf26-8eb9070a0cf0
86f6c527-a48f-495f-8e08-e5d1096a0376	f90ec74f-f48c-4b47-bf26-8eb9070a0cf0
03a772d0-8aa8-4af1-ac6a-12a325252d30	f90ec74f-f48c-4b47-bf26-8eb9070a0cf0
406f74f1-fc0a-4fa5-89a1-38c61585f0c5	f90ec74f-f48c-4b47-bf26-8eb9070a0cf0
4396866e-58d9-40c8-9747-cbac5bebff89	f90ec74f-f48c-4b47-bf26-8eb9070a0cf0
857b148c-df51-4eaa-b23f-3465550162cd	f90ec74f-f48c-4b47-bf26-8eb9070a0cf0
ac3600ec-d772-4014-a103-bc60a6186ed0	f90ec74f-f48c-4b47-bf26-8eb9070a0cf0
4eada8d5-f18a-4c95-8adc-db4cd1f28638	f90ec74f-f48c-4b47-bf26-8eb9070a0cf0
39324fe9-cc9e-4003-ab83-61e7d1c420f8	f90ec74f-f48c-4b47-bf26-8eb9070a0cf0
8c7b126a-ed7a-4ef0-9237-ce04d94f687b	f90ec74f-f48c-4b47-bf26-8eb9070a0cf0
64a69439-7c29-474b-a1ea-a63c185c0b46	f90ec74f-f48c-4b47-bf26-8eb9070a0cf0
ff19cd16-005b-4b8f-bfcb-73e27981b52c	f90ec74f-f48c-4b47-bf26-8eb9070a0cf0
a12b7968-bcf0-4343-ae4d-484ea994d659	f90ec74f-f48c-4b47-bf26-8eb9070a0cf0
dc7acd88-83a8-49f4-b7e8-8e4bb26afcea	f90ec74f-f48c-4b47-bf26-8eb9070a0cf0
4aeb9830-8589-4135-9b13-11b831fbf41c	f90ec74f-f48c-4b47-bf26-8eb9070a0cf0
52cd855f-7ad5-42c8-86e6-5b6d2df97474	f90ec74f-f48c-4b47-bf26-8eb9070a0cf0
109a6f99-3134-436e-9ae8-44e29c043c25	f90ec74f-f48c-4b47-bf26-8eb9070a0cf0
43daf596-ed32-40fc-8b49-72118f33055f	f90ec74f-f48c-4b47-bf26-8eb9070a0cf0
8140393d-8e3f-439f-93ef-f1a3bd9f7e3f	f90ec74f-f48c-4b47-bf26-8eb9070a0cf0
4eada8d5-f18a-4c95-8adc-db4cd1f28638	64ee0f78-3eb2-4616-8c3c-71bad5279106
\.


--
-- TOC entry 4951 (class 0 OID 24604)
-- Dependencies: 224
-- Data for Name: AspNetUserTokens; Type: TABLE DATA; Schema: public; Owner: postgres
--

COPY public."AspNetUserTokens" ("UserId", "LoginProvider", "Name", "Value") FROM stdin;
\.


--
-- TOC entry 4952 (class 0 OID 24609)
-- Dependencies: 225
-- Data for Name: AspNetUsers; Type: TABLE DATA; Schema: public; Owner: postgres
--

COPY public."AspNetUsers" ("Id", "Name", "UserName", "NormalizedUserName", "Email", "NormalizedEmail", "EmailConfirmed", "PasswordHash", "SecurityStamp", "ConcurrencyStamp", "PhoneNumber", "PhoneNumberConfirmed", "TwoFactorEnabled", "LockoutEnd", "LockoutEnabled", "AccessFailedCount") FROM stdin;
49955316-9ced-4583-bacf-9d7e3d9c3225	Admin	admin@picket.ocph23.tech	ADMIN@PICKET.OCPH23.TECH	admin@picket.ocph23.tech	ADMIN@PICKET.OCPH23.TECH	t	AQAAAAIAAYagAAAAEPTQ8QUsnOAm5UFzt1HOSRYEICSE9cAoJm7hJABZp1wZW4wsoBc4VUvRX/sbvBolQw==	UBAF6ZIFFH7GRQL4H7HLRH5SLK2NDNGI	ca55dd37-4d1a-4098-9af7-876d4e40147a	\N	f	f	\N	t	0
7f9a9e2d-c1ff-47e6-a150-9caa711e7cb7	Yoseph Kungkung	ocph23.test@gmail.com	OCPH23.TEST@GMAIL.COM	ocph23.test@gmail.com	OCPH23.TEST@GMAIL.COM	t	AQAAAAIAAYagAAAAEAKxfsdVpoMyY4YJWlKA8+6YmBD6seGXg8R8oWsbljrBiXQlI0o/lB+r5nGYsZd15w==	F5CDG2Y7J3UQOHAVQVZG5JCAP4TQJZBJ	bc2d3ac5-0471-4349-b949-5772ad35a14d	\N	f	f	\N	t	0
29acac2b-67ad-4fe3-9a94-bef3ef0c69f4	GORETI SIANTE, S.Pd	goreti@picket.ocph23.tech	GORETI@PICKET.OCPH23.TECH	goreti@picket.ocph23.tech	GORETI@PICKET.OCPH23.TECH	t	AQAAAAIAAYagAAAAEDeT14+RYanZN4OHXmCCxpQB5U5zRM0NqQC+kpfL83yDMeUPuoVSCJlgO2HcEg/TrQ==	WFZRHBDEGFGUCXBJS3IGRAPL64BT35KD	3da3aa4b-7fab-49a9-8f4b-7fa85d14ccfe	\N	f	f	\N	t	0
fb5e0781-0071-40c2-b707-a871937529c6	KOSTANTINA F. WANDAMANI, S.Kom	konstantina@picket.ocph23.tech	KONSTANTINA@PICKET.OCPH23.TECH	konstantina@picket.ocph23.tech	KONSTANTINA@PICKET.OCPH23.TECH	t	AQAAAAIAAYagAAAAEEEBGDAPPcho7n3rLHXojVfsXjUzjyiM7ywsQhC5amPgSfB2nnY6iaYJu3DwAgZw4w==	4JBP66NKI6577MHCBAZJHYMT4K3262P4	36e05cbf-2a7f-4a7f-9fa3-08d8ceca12e9	\N	f	f	\N	t	0
93bb1569-b81c-43c9-8b46-743bc5847616	Yoseph Calvin Srem, S.Si, MM	calvinsrem@picket.ocph23.tech	CALVINSREM@PICKET.OCPH23.TECH	calvinsrem@picket.ocph23.tech	CALVINSREM@PICKET.OCPH23.TECH	t	AQAAAAIAAYagAAAAEE45ON2DXlxCbGDHG9RlC3PQDVhTqzcqNPE/IrKab4FnjxE6FF0bb3D6Def3Oh3F3A==	RDRZ5CZHP633BY2PMN2EQFLUPLJO3M53	ec0445e6-420a-43eb-9989-9afb9f5d22d1	\N	f	f	\N	t	0
c5441ad4-d641-4025-aafc-6c92dd521b44	Juan A J Lainsamputty, S.SI	juanlainsamputty.jl@gmail.com	JUANLAINSAMPUTTY.JL@GMAIL.COM	juanlainsamputty.jl@gmail.com	JUANLAINSAMPUTTY.JL@GMAIL.COM	t	AQAAAAIAAYagAAAAEKv1FT6h7dgWLaMTGCjgg8XrHjdtQZavEy/W2TLHONexC7ePfV7wJrXAMU/hHenJCg==	4BMBKMU3Y55WQKG75DLZ4TG3LGBIZ6TK	3e78e9e0-00ef-4356-a065-2a0d81e775c1	\N	f	f	\N	t	0
0ae84d5b-a92d-46fc-9573-fa88f5871d61	ANTON BERKASA	anton@gmail.com	ANTON@GMAIL.COM	anton@gmail.com	ANTON@GMAIL.COM	t	AQAAAAIAAYagAAAAEP9JSN/8mAztjBGafuJ3p+MGGRp+45fekLB+4VKFReNpnx2Y57HQelYfB29qnuxFng==	HAMEFGEALYRBFND56XVZKN3GQTKC3HCP	439791c4-a530-47bd-850d-cc23e67f1207	\N	f	f	\N	t	0
7b4c0ce6-39e7-493d-bdde-c3a47f2c430f	CUCU NOVITA MIRANTI	mira@gmail.com	MIRA@GMAIL.COM	mira@gmail.com	MIRA@GMAIL.COM	t	AQAAAAIAAYagAAAAEOCHBmdgkLTz21c3KJfh9kOkFwVjTnh+eHgXqOENBRXo8MGI3hUlWAPH087jjD5ZNA==	R5N57ISO6BUEVYYVFKHPERRTZL3SI4VN	55eec9ee-a2f7-473c-9a88-908b57f1210e	\N	f	f	\N	t	0
23ed1636-e6dc-4267-994f-12129f48b3b4	Efendi Ibrahim Fauzi	efendi@gmail.com	EFENDI@GMAIL.COM	efendi@gmail.com	EFENDI@GMAIL.COM	t	AQAAAAIAAYagAAAAEHWBlZCB0S/aIkwDzbSl/LFig2qd5LQf52OQ6kuH2PO+OSO+CzVIyLgqQNm6e8lDwg==	ZKJYMWT7K5Q6JKV2FUVMFIASIVEU57AD	f9b314bd-8bb2-435f-8488-aeb0d3c48e1c	\N	f	f	\N	t	0
7742ccd6-3675-4cbd-beec-841ad6025676	Haerudin	haerudin@gmail.com	HAERUDIN@GMAIL.COM	haerudin@gmail.com	HAERUDIN@GMAIL.COM	t	AQAAAAIAAYagAAAAEFMtVfVXHXojMUL3CgFMQXVXHYZiP23o5NMWO+5WSKS/H++qW8IEh6X9il3UUR7+xw==	42Q5S73E6ILM2NXGIZ6JXEF2WD2DDZIL	94717395-0f9d-48dc-a054-481acc2fcc37	\N	f	f	\N	t	0
7c4fcd71-706e-465f-8da3-7982138cbd61	Himawan Setiajid	himawan@gmail.com	HIMAWAN@GMAIL.COM	himawan@gmail.com	HIMAWAN@GMAIL.COM	t	AQAAAAIAAYagAAAAENXEYcQojeRJGGNmO7Z4748qr1T8fz1dDrtQVRnG2L2xDjNRGJgwTWF/SKTo7lgC1g==	A5GNIIUH4YD2XH3TLRJ3NPDQEXFCPPCK	0be53ede-7bc0-4903-ad84-c4d3966cb2b0	\N	f	f	\N	t	0
86f6c527-a48f-495f-8e08-e5d1096a0376	Ignatius Krisno Prabowo	ignatius@gmail.com	IGNATIUS@GMAIL.COM	ignatius@gmail.com	IGNATIUS@GMAIL.COM	t	AQAAAAIAAYagAAAAEI4vFR1YEZV8hKsjtdjInW65jDlhhz04PxhL0xmaAsVO+FFT1AvZNBEF4pALYcD0lQ==	YNIMBGTZY3YTNHIB5FXLAQ2JMKGNVNJW	094333c3-18b2-4fb8-af16-a6ff0a2bb64d	\N	f	f	\N	t	0
03a772d0-8aa8-4af1-ac6a-12a325252d30	Isti Hani Sofia Sitorus	isti@gmail.com	ISTI@GMAIL.COM	isti@gmail.com	ISTI@GMAIL.COM	t	AQAAAAIAAYagAAAAEM5DYxPyGr6IFRwRH0J5OyTIoSK8g3Yd+vvVXsYLxyjfKJf40x0kUzU4wikuAd62tQ==	R6LAV4PNYXP3JOPOXX6OIWRVIBBDZABI	52f41b7d-5e91-4839-979a-b4315f3fbc63	\N	f	f	\N	t	0
406f74f1-fc0a-4fa5-89a1-38c61585f0c5	Julitha Duma	julitha@gmail.com	JULITHA@GMAIL.COM	julitha@gmail.com	JULITHA@GMAIL.COM	t	AQAAAAIAAYagAAAAEPyNC2unrmOd6XCuWkR+cROybE2eM9Th7ftPyUZmyV86vX769mKvy5zEKS+Jgc+ATQ==	YNIJ4DZ7DCERHPX54X4DYT3T6PNSNW2J	e5c204d2-03ff-40ef-9e3a-79047cc3cfd6	\N	f	f	\N	t	0
4396866e-58d9-40c8-9747-cbac5bebff89	Kimny Yelira Hutahaean	kimny@gmail.com	KIMNY@GMAIL.COM	kimny@gmail.com	KIMNY@GMAIL.COM	t	AQAAAAIAAYagAAAAEEFKsUyb058tr/WVp70jaW8k/oSWRHkJI6mk2zOBQViXvwVjKVsUC2zmHYBPWuqzRw==	BYZJ4NW4KHG3L3VRSWE6Y3XWMT4TE76X	51ef3abb-ef7e-4b55-a6c7-2ad1bbc35de7	\N	f	f	\N	t	0
857b148c-df51-4eaa-b23f-3465550162cd	Kresencia Lesomar	kresencia@gmail.com	KRESENCIA@GMAIL.COM	kresencia@gmail.com	KRESENCIA@GMAIL.COM	t	AQAAAAIAAYagAAAAEDpsgyE7HZsxASG5m+XCk+Nz6yEGT0N1Sq/nt+8vFybeJjXKt6f0TaB9TdVWtqxTzA==	XR63DXE5H45D45RVKDRCBDLPBANRT2TT	82dd05d7-9a88-4501-82cb-5d738fc17f6d	\N	f	f	\N	t	0
ac3600ec-d772-4014-a103-bc60a6186ed0	Liviana Merentek	liviana@gmail.com	LIVIANA@GMAIL.COM	liviana@gmail.com	LIVIANA@GMAIL.COM	t	AQAAAAIAAYagAAAAEPmvGDR5wZn07Mj+1YAIxdq7hlSPYljAwD0gGtdlMyk7zHoT3xGEhXx2BzxfqfHVKA==	NP5CSVMDLII57NOF2H2VLODEPWEFHRTN	f8a9ab7f-14d0-4a21-b1d6-38cb44369fb0	\N	f	f	\N	t	0
39324fe9-cc9e-4003-ab83-61e7d1c420f8	Martini Eta Ap	martini@gmail.com	MARTINI@GMAIL.COM	martini@gmail.com	MARTINI@GMAIL.COM	t	AQAAAAIAAYagAAAAEEm2fJBcvEJ5CL3oWEBWZPPXGsODLo6+H7qF+E/hGxXHsC7zPogGE4E6dNKVn+WCLA==	VKGYTCODKUUMCIJ26HEYDPHMPKD5LGK4	fd13a54c-1692-4af8-899e-da65eca7cde1	\N	f	f	\N	t	0
8c7b126a-ed7a-4ef0-9237-ce04d94f687b	Maryati	maryati@gmail.com	MARYATI@GMAIL.COM	maryati@gmail.com	MARYATI@GMAIL.COM	t	AQAAAAIAAYagAAAAEJ+IOmwkF5QbYU2jgKKG5ajMdHeg/Oi57xrW4AYTASiwFtSW7W2hPPbi4vnlGNkXSA==	WXZOOR63OCBN7OCOWXSWUFESLUI4EKFX	ce4ca6e0-bb87-477d-a614-21d1e83a8cce	\N	f	f	\N	t	0
64a69439-7c29-474b-a1ea-a63c185c0b46	Nasrullah	nasrullah@gmail.com	NASRULLAH@GMAIL.COM	nasrullah@gmail.com	NASRULLAH@GMAIL.COM	t	AQAAAAIAAYagAAAAEKiZGVvdvWV4BkWyT1dTxV5oY0maFkkH9setk3ON/qtaUGR9WLfMTWKhiGIy1dRlwQ==	LD3KRW2X7J3CRHY7VX4YXOGVDU7GRVS7	08f356a0-39fb-4095-b83f-840b9d15b004	\N	f	f	\N	t	0
ff19cd16-005b-4b8f-bfcb-73e27981b52c	Rachma Nusantari	rachma@gmail.com	RACHMA@GMAIL.COM	rachma@gmail.com	RACHMA@GMAIL.COM	t	AQAAAAIAAYagAAAAEE33e2UHOKkrT/FMTXT9m8B2fewxromsRYzM/TSQJqHP0DGbvucwVD0VdJsOTYQvnA==	JRN7EK4J2I4UKNEJJ6TKGAJ4BA7OHO5Z	06c0165d-3e31-4246-8c35-4fbc3d5c6bb3	\N	f	f	\N	t	0
a12b7968-bcf0-4343-ae4d-484ea994d659	Rahayu Seksiani	rahayu@gmail.com	RAHAYU@GMAIL.COM	rahayu@gmail.com	RAHAYU@GMAIL.COM	t	AQAAAAIAAYagAAAAEGm0qTrVNfDumTRymJclEGbHTrYd+FV+wtBCrOVZ77Zavotbgwu8JgLKuWx2wFX45g==	5PNEEONCW7ARQNKFXOBBMCGGR7ZABNAL	dc7d8228-a368-4fdb-96d2-7e1d053430bb	\N	f	f	\N	t	0
dc7acd88-83a8-49f4-b7e8-8e4bb26afcea	Risna Selfia Dewi	risana@gmail.com	RISANA@GMAIL.COM	risana@gmail.com	RISANA@GMAIL.COM	t	AQAAAAIAAYagAAAAEOQzJ3Hrn8+IPuJRKc5tiHIyJiqMqHtnyjNu9pA174ijew5svQUJiBonx4LV71n5eQ==	G5LLOZIUM6OYXJQWWG4KQVEPF6TDHP2Y	f51fd6f4-e9cc-4386-bfa3-155bee4c8ce1	\N	f	f	\N	t	0
4aeb9830-8589-4135-9b13-11b831fbf41c	Rokhaeni Rospa	rokhaeni@gmail.com	ROKHAENI@GMAIL.COM	rokhaeni@gmail.com	ROKHAENI@GMAIL.COM	t	AQAAAAIAAYagAAAAEItxuR5LdCPYudbQa7sopdI2f3x86OBaNrmfrKMyshpctrejwGJNEk5+jBpDMh8thw==	NB4ONE2ADCPEA7IJ3RJG35CZ23PT4A2J	bb37df61-f284-47f2-a940-6e16e62d86b1	\N	f	f	\N	t	0
52cd855f-7ad5-42c8-86e6-5b6d2df97474	SINTIA MARTINA LUBIS	sintia@gmail.com	SINTIA@GMAIL.COM	sintia@gmail.com	SINTIA@GMAIL.COM	t	AQAAAAIAAYagAAAAEKwNyJJGqsAWTSdZWfGpNmDPLYpM/1V7psEpsoDtmEwUaB82CVLQf7Kke/az3J1Bew==	FU46CXLTP3D5NRZWJ6G7FW23XRHBIEES	3c638bc8-adb9-43ca-8f15-be8371439c2c	\N	f	f	\N	t	0
109a6f99-3134-436e-9ae8-44e29c043c25	Siska Mia Wonemseba	siska@gmail.com	SISKA@GMAIL.COM	siska@gmail.com	SISKA@GMAIL.COM	t	AQAAAAIAAYagAAAAEAPI1WFyytiYvXXoIAUT9a+0qzZtOPNluhvd9wd6OBkyUHDEGewNY3AsJPxl3eVD4A==	6NGBFWYV6HMIGFOZHEB5PE3WQ6TSL3FS	54debd79-a512-49c5-a088-1d8394fb4dbb	\N	f	f	\N	t	0
43daf596-ed32-40fc-8b49-72118f33055f	WAHYU ARDIANTO	wahyu@gmail.com	WAHYU@GMAIL.COM	wahyu@gmail.com	WAHYU@GMAIL.COM	t	AQAAAAIAAYagAAAAEO4FbDKcGsRv60vqD90Uik4hpYJyZAyU55mYnAe2ZNqM41zFVQiRDhrAQBDNcNsSEw==	3ROHBWJV4EXN37HBOEE5QVP74PEATD5H	80182ca6-cfdd-4d26-a724-80c4dc39cd32	\N	f	f	\N	t	0
8140393d-8e3f-439f-93ef-f1a3bd9f7e3f	Yuniar Rakhmah	yuniar@gmail.com	YUNIAR@GMAIL.COM	yuniar@gmail.com	YUNIAR@GMAIL.COM	t	AQAAAAIAAYagAAAAEMdXBTv8t34Gg0wDd/B64bCnOxCwn81TtxYKSA4CAfLHwK1D9r+TuPE3CYHG76bo7Q==	KUAAOHOPNJ6QIKNQ53BBG5BG4IIL7CHZ	c478a4aa-1ec9-4474-a9ac-f8750afe4c8c	\N	f	f	\N	t	0
4eada8d5-f18a-4c95-8adc-db4cd1f28638	Markus Pali	markus@gmail.com	MARKUS@GMAIL.COM	markus@gmail.com	MARKUS@GMAIL.COM	t	AQAAAAIAAYagAAAAEHEu3v6u/9jGWLS+AmP4hy24YXstuZp0HZeyfqn1doel7gwdgSJkx5o7Q182ez++QA==	H22GNXJXT7NOLYFL67V3W66NF7JOITCX	d9ae1d37-d214-4588-876c-818ef4d4a14d	\N	f	f	\N	t	0
\.


--
-- TOC entry 4953 (class 0 OID 24614)
-- Dependencies: 226
-- Data for Name: ClassRoomMember; Type: TABLE DATA; Schema: public; Owner: postgres
--

COPY public."ClassRoomMember" ("Id", "StudentId", "ClassRoomId") FROM stdin;
1	128	1
2	110	1
3	149	\N
4	158	1
5	153	1
6	42	1
7	123	2
8	143	2
9	236	2
10	245	2
11	49	2
13	223	2
14	221	2
15	231	2
16	185	2
17	187	2
18	250	2
19	146	2
20	111	2
21	225	2
23	208	2
24	214	2
25	108	2
26	189	2
27	168	2
28	28	2
29	98	2
30	12	2
31	101	2
32	21	2
33	99	2
34	144	2
35	147	2
36	170	2
37	206	2
38	202	2
39	173	3
68	163	3
69	234	3
70	171	3
71	180	3
72	133	3
12	113	\N
73	113	3
74	188	3
75	217	3
76	178	3
77	184	3
78	122	3
79	125	3
80	120	3
82	232	3
83	162	3
22	172	\N
84	172	3
85	86	3
86	165	3
87	251	3
88	179	3
89	81	3
90	220	35
91	43	35
92	117	35
93	244	35
94	112	35
95	141	35
96	246	35
97	124	35
98	242	35
99	145	35
100	55	35
81	181	\N
101	181	35
102	138	35
103	239	35
104	139	35
105	107	35
106	243	35
107	68	35
108	132	35
109	247	35
110	248	35
111	186	35
112	126	35
113	252	35
114	37	35
115	164	35
116	213	36
117	104	37
118	134	36
119	27	36
120	197	36
121	89	36
122	32	36
123	207	36
124	44	36
125	26	36
126	18	36
127	216	36
128	66	36
129	218	36
130	92	36
133	194	\N
132	47	\N
131	233	\N
134	233	37
135	47	37
136	194	37
137	53	37
138	91	37
139	142	37
140	151	37
141	131	37
142	137	37
143	149	37
144	155	37
145	154	37
146	136	37
147	116	37
148	52	37
149	183	37
150	88	37
151	203	37
152	190	38
153	238	38
154	229	38
155	191	38
156	58	38
157	230	38
158	97	39
159	235	39
160	241	39
161	198	39
162	160	39
163	212	39
164	39	39
165	69	39
166	196	40
167	80	40
168	29	40
169	199	40
170	38	40
171	94	40
172	8	40
\.


--
-- TOC entry 4955 (class 0 OID 24618)
-- Dependencies: 228
-- Data for Name: ClassRooms; Type: TABLE DATA; Schema: public; Owner: postgres
--

COPY public."ClassRooms" ("Id", "Name", "SchoolYearId", "Level", "DepartmentId", "ClassLeaderId", "HomeroomTeacherId") FROM stdin;
1	XI	1	2	3	128	7
3	X	1	1	3	173	9
35	XB	1	1	2	220	50
2	XA	1	1	2	123	8
36	XIA	1	2	2	213	40
37	XIB	1	2	2	104	57
38	X	1	1	4	190	45
39	XI	1	2	4	97	53
40	XII	1	3	4	196	51
\.


--
-- TOC entry 4957 (class 0 OID 24624)
-- Dependencies: 230
-- Data for Name: DailyJournal; Type: TABLE DATA; Schema: public; Owner: postgres
--

COPY public."DailyJournal" ("Id", "Title", "Content", "TeacherId", "CreateAt", "PicketId") FROM stdin;
\.


--
-- TOC entry 4959 (class 0 OID 24630)
-- Dependencies: 232
-- Data for Name: Departments; Type: TABLE DATA; Schema: public; Owner: postgres
--

COPY public."Departments" ("Id", "Name", "Initial", "Description") FROM stdin;
2	Teknik Komunikasi dan Jaringan	TKJ	
3	Rekayasa Perangkat Lunak	RPL	
4	Kimia Industri	KI	
1	Design Komunikasi dan Visual	DKV	
\.


--
-- TOC entry 4961 (class 0 OID 24636)
-- Dependencies: 234
-- Data for Name: LateAndGoHomeEarly; Type: TABLE DATA; Schema: public; Owner: postgres
--

COPY public."LateAndGoHomeEarly" ("Id", "StudentId", "CreateAt", "Time", "AttendanceStatus", "LateAndGoHomeEarlyStatus", "Description", "CreatedById", "PicketId") FROM stdin;
\.


--
-- TOC entry 4963 (class 0 OID 24642)
-- Dependencies: 236
-- Data for Name: Picket; Type: TABLE DATA; Schema: public; Owner: postgres
--

COPY public."Picket" ("Id", "Date", "Weather", "StartAt", "EndAt", "CreatedById", "CreateAt") FROM stdin;
1	2025-02-06	0	07:15:00	15:00:00	3	2025-02-06 14:53:16.77194+07
2	2025-02-13	0	07:15:00	15:00:00	3	2025-02-13 09:20:55.837854+07
3	2025-02-20	0	07:15:00	15:00:00	3	2025-02-20 10:46:38.473821+07
4	2025-02-21	0	07:15:00	15:00:00	3	2025-02-21 08:35:16.360292+07
5	2025-02-24	0	07:15:00	15:00:00	49	2025-02-24 07:34:14.266554+07
\.


--
-- TOC entry 4965 (class 0 OID 24646)
-- Dependencies: 238
-- Data for Name: Schedules; Type: TABLE DATA; Schema: public; Owner: postgres
--

COPY public."Schedules" ("Id", "SchoolYearId", "DayOfWeek", "TeacherId") FROM stdin;
3	1	2	2
4	1	2	52
5	1	1	49
6	1	3	59
7	1	3	1
8	1	3	58
9	1	2	3
10	1	2	51
\.


--
-- TOC entry 4967 (class 0 OID 24650)
-- Dependencies: 240
-- Data for Name: SchoolYears; Type: TABLE DATA; Schema: public; Owner: postgres
--

COPY public."SchoolYears" ("Id", "Year", "Semester", "Actived") FROM stdin;
1	2024	2	t
\.


--
-- TOC entry 4969 (class 0 OID 24654)
-- Dependencies: 242
-- Data for Name: StudentAttendaces; Type: TABLE DATA; Schema: public; Owner: postgres
--

COPY public."StudentAttendaces" ("Id", "StudentId", "TimeIn", "TimeOut", "AttendanceStatus", "Description", "CreateAt", "PicketId") FROM stdin;
3b66f1a1-ab1d-45a7-a883-bffd6e9cb994	128	2025-02-06 15:15:32.503616+07	\N	2	\N	2025-02-06 15:15:52.039952+07	1
142cefe9-b669-4e6c-9b3b-b454c3b09cd4	231	2025-02-13 09:37:48.11443+07	\N	2	\N	2025-02-13 09:38:41.368484+07	2
2498fa9e-81b6-44c1-922b-c0508a1d7c9f	225	2025-02-13 09:38:01.902068+07	\N	2	\N	2025-02-13 09:38:41.52861+07	2
ab000483-c92f-45cb-9d8d-7764212a3c7d	147	2025-02-13 09:38:39.244105+07	\N	2	\N	2025-02-13 09:38:41.555011+07	2
19eabba8-df2c-4537-bd85-a2ab996d207b	146	2025-02-13 09:39:04.765159+07	\N	2	\N	2025-02-13 09:39:41.584687+07	2
5857c8fc-9f20-4db5-b46b-c428ab69556d	98	2025-02-13 09:39:07.598177+07	\N	2	\N	2025-02-13 09:39:41.601131+07	2
8092cc29-1184-47ac-a3ed-d5ea9908bedf	168	2025-02-13 09:39:00.732158+07	\N	2	\N	2025-02-13 09:39:41.616386+07	2
cf110cf0-7d74-461d-8bfc-baedd1b97fb3	170	2025-02-13 09:38:49.592496+07	\N	2	\N	2025-02-13 09:39:41.633155+07	2
f4725d17-fd18-488f-aa11-e3dfdc4f1ba6	231	2025-02-21 08:53:16.901602+07	\N	2	\N	2025-02-21 08:54:03.335996+07	4
1974634b-c7fe-494b-ad8e-7f3b44bbd1f7	168	2025-02-21 08:58:51.140838+07	\N	2	\N	2025-02-21 08:59:03.533742+07	4
28db7836-f2e9-4589-ba7c-fca8987a4102	98	2025-02-21 08:58:31.643262+07	\N	2	\N	2025-02-21 08:59:03.555072+07	4
475ea6c4-205c-4d14-ad5b-c1c929161421	146	2025-02-21 08:58:44.048404+07	\N	2	\N	2025-02-21 08:59:03.58356+07	4
8e621c41-2281-41b4-9f0b-66dc6f6f8636	147	2025-02-21 08:58:36.348833+07	\N	2	\N	2025-02-21 08:59:03.602774+07	4
8e07b516-d98a-4011-8539-dca48a29020f	170	2025-02-21 08:59:11.156465+07	\N	2	\N	2025-02-21 09:00:03.635351+07	4
d29f01a6-d0b4-4c36-91fe-fbff15bb4ff3	225	2025-02-21 08:58:21.733505+07	\N	2	\N	2025-02-21 09:00:03.652576+07	4
439db058-9a6f-4cf1-adec-a34978108c71	146	2025-02-24 07:36:32.704848+07	\N	2	\N	2025-02-24 07:36:55.476385+07	5
dbb0d8a6-66c8-44e7-897a-df480c8b9a01	147	2025-02-24 07:43:34.348048+07	\N	2	\N	2025-02-24 07:43:55.598331+07	5
c2ab766e-12ed-4b04-9047-7a200a897369	170	2025-02-24 08:00:21.259395+07	\N	2	\N	2025-02-24 08:00:55.706309+07	5
e5390973-8994-4338-8a16-fd9a5ba1437e	168	2025-02-24 08:00:01.262294+07	\N	2	\N	2025-02-24 08:00:55.72907+07	5
5f6e296d-5faa-48c5-b2c6-907249d2909f	231	2025-02-24 08:01:01.333929+07	\N	2	\N	2025-02-24 08:01:55.749785+07	5
899ce2cd-db4e-4de5-80de-0435b6b0bf84	98	2025-02-24 08:01:15.400054+07	\N	2	\N	2025-02-24 08:01:55.765987+07	5
a5f3a432-7bfa-41be-9fbc-884ee41ee9aa	225	2025-02-24 08:01:00.230864+07	\N	2	\N	2025-02-24 08:01:55.78094+07	5
\.


--
-- TOC entry 4970 (class 0 OID 24660)
-- Dependencies: 243
-- Data for Name: Students; Type: TABLE DATA; Schema: public; Owner: postgres
--

COPY public."Students" ("Id", "NIS", "NISN", "Gender", "Name", "PlaceOfBorn", "DateOfBorn", "Email", "Description", "Photo", "UserId") FROM stdin;
7	2.23-640	0006429325	0	EMAIS HEIKON	MABUALEM	2000-05-01	\N	\N	\N	\N
8	2.22-598	0019044532	0	YUDAS BASUTEI	Eri 	2001-02-07	\N	\N	\N	\N
9	2.23-657	0027181656	0	Menius Imagayau	Togai	2004-02-04	\N	\N	\N	\N
10	2.21-459	0032321081	0	YESTIS MEKU	Weime	2003-08-25	\N	\N	\N	\N
11	2.22-600	0032426044	0	James Kobogau	BILAI	2006-03-07	\N	\N	\N	\N
12	2.24-799	0034482933	0	RUDI KUR	TERFONES	2007-12-27	\N	\N	\N	\N
13	2.21-500	0036694583	0	Markus Tukayo	Yoka	2003-11-20	\N	\N	\N	\N
14	2.21-453	0038433483	0	Mozat Kristian Towolom	JAYAPURA	2004-04-28	\N	\N	\N	\N
15	2.24-822	0043741092	0	Yoneus Damolanop	Yasip	2004-09-03	\N	\N	\N	\N
16	2.24-782	0044409457	0	METOLIUS DEGEI	DOGOMOGO	2008-10-17	\N	\N	\N	\N
17	2.24-759	0047228715	0	ISAL NUMANG	KELMABET	2004-05-10	\N	\N	\N	\N
18	2.23-655	0047567866	0	Melkior Ongge	Abepura	2004-12-28	\N	\N	\N	\N
19	2.21-466	0048351009	1	ELISABET NENAKI	NAMBLA	2010-03-28	\N	\N	\N	\N
20	2.23-619	0048355794	1	Yenianti	TONGKA	2004-04-30	\N	\N	\N	\N
21	2.24-804	0049412481	0	SIFOROT WALIANGGEN	Kundikelek	2004-01-24	\N	\N	\N	\N
22	2.22-564	0049917524	0	PINUS NABELAU	MBAMOGO	2005-12-24	\N	\N	\N	\N
23	2.22-561	0051041935	0	ORMAN HESEGEM	WANEM	2005-12-15	\N	\N	\N	\N
24	2.22-523	0052338626	0	AGUSTINUS IRPAN	Jayapura	2005-08-01	\N	\N	\N	\N
25	2.21-518	0052430250	0	NUHAMMAD FAJAR SETYAWAN JASMAN	Abepura	2005-08-09	\N	\N	\N	\N
26	2.23-652	0052939777	0	MANUS MIRIN	KARYE	2006-07-20	\N	\N	\N	\N
27	2.23-629	0053083667	0	ANDIRIS WALILO	MABUALEM	2005-05-12	\N	\N	\N	\N
28	2.24-794	0053521301	1	Rahel Wanimbo	WAENA	2005-05-05	\N	\N	\N	\N
29	2.22-610	0054315292	1	Enserina Peyon	DAWI	2005-02-10	\N	\N	\N	\N
30	2.23-694	0054450273	1	KESYA LUDIA AYATANOI	ABEPURA	2005-09-10	\N	\N	\N	\N
31	2.23-647	0054530014	0	ISMAEL KALAKMABIN	PARIM	2007-04-28	\N	\N	\N	\N
32	2.23-637	0056022531	0	DEMAS URWAN	SIKIPUR	2006-07-21	\N	\N	\N	\N
33	2.22-521	0056609149	0	Adrian Julius Yanggo	Sentani	2005-10-13	\N	\N	\N	\N
34	2.22-528	0057972156	0	ARMANDO MAISENI	BEOGA	2007-03-28	\N	\N	\N	\N
35	2.22-578	0059048046	0	TERINUS MOM	Ilaga	2006-12-10	\N	\N	\N	\N
36	2.22-569	0059180252	0	Roi Tuhi Salak	Sentani	2005-09-04	\N	\N	\N	\N
37	2.23-658	0059279492	1	Metina Peyon	Utmu	2005-04-01	\N	\N	\N	\N
38	2.22-601	0059289798	0	JOSHUA BELAU	BEGETALIPA	2006-08-12	\N	\N	\N	\N
39	2.23-692	0061301463	1	SEKAR TIARA WULANDARI	SORONG	2006-09-29	\N	\N	\N	\N
40	2.22-529	0061355056	1	Arni Marthen	Toyasa Akung	2006-12-02	\N	\N	\N	\N
41	2.22-602	0063733854	0	Jeskiel Jagani	DALIMBA	2006-02-13	\N	\N	\N	\N
42	2.22-607	0064029343	0	YUDISON TOWOLOM	KUMBUK	2006-02-04	\N	\N	\N	\N
43	2.24-713	0064174066	0	Amuam Kabak	Jayapura	2006-07-03	\N	\N	\N	\N
44	2.22-535	0064199560	1	Enjelly Aprillian Modouw	Jayapura	2006-04-24	\N	\N	\N	\N
45	2.22-541	0064318659	1	Hulda Paulina Ohee	JAYAPURA	2006-10-08	\N	\N	\N	\N
46	2.23-656	0064558122	1	Merinda Huana Cantika Ohee	Asei Besar	2006-05-06	\N	\N	\N	\N
47	2.23-630	0064623831	0	Antonius Sambom	Sombule	2006-11-16	\N	\N	\N	\N
48	2.24-811	0064742242	1	SARIFAH RISKY NOVALINDA	JAYAPURA	2006-11-18	\N	\N	\N	\N
49	2.24-725	0065001619	0	CLAUSIUS PETRUS YAKU	YOKA	2006-10-12	\N	\N	\N	\N
50	2.22-525	0065291474	0	AMSAL SALIANGGEN	ULUM	2006-09-16	\N	\N	\N	\N
51	2.22-562	0065588495	0	Opan Wanimbo	Wamena	2006-10-27	\N	\N	\N	\N
52	2.23-663	0065642636	0	PAI TABUNI	MAPNDUMA	2006-12-01	\N	\N	\N	\N
53	2.23-635	0066265543	1	Belmin Ribka Ongge	Jayapura	2006-06-13	\N	\N	\N	\N
54	2.23-651	0066880400	1	Lutfia	Jayapura	2006-12-05	\N	\N	\N	\N
55	2.24-768	0067044436	0	LANDI WANTIK	WAME	2006-08-04	\N	\N	\N	\N
56	2.23-616	0067044549	0	NAP MATUAN	TEMBAGAPURA	2006-09-13	\N	\N	\N	\N
57	2.22-551	0067342832	0	Lenora Pulalo	Puay	2006-05-19	\N	\N	\N	\N
58	2.24-809	0067373145	1	SOPIA SITOKDANA	MASIM	2008-03-14	\N	\N	\N	\N
59	2.22-543	0067530953	0	Imanuel Willjohn Anugerah Walukow	Abepura	2006-11-07	\N	\N	\N	\N
60	2.23-626	0068300262	1	Agnes Petronela Kandauw	Jayapura	2006-10-17	\N	\N	\N	\N
61	2.22-571	0068362515	0	Salome S Weyai	Sasari	2006-09-29	\N	\N	\N	\N
62	2.23-618	0068434303	0	IRWAN YAMSIN	PEPERA	2006-06-03	\N	\N	\N	\N
63	2.22-614	0068677686	1	EVI FIA YARE	EREGI	2006-01-02	\N	\N	\N	\N
64	2.22-554	0069069004	0	MARSEL RANDONGKIR	JAYAPURA	2006-08-16	\N	\N	\N	\N
65	2.24-833	0069282986	1	Yulce Amo	Pund	2006-07-01	\N	\N	\N	\N
66	2.23-674	0069621704	1	SONI DEWELEK	ILAGA	2006-09-12	\N	\N	\N	\N
67	2.22-526	0071177558	0	APAU KIWAK	WANGBE	2007-01-02	\N	\N	\N	\N
68	2.24-801	0071236793	0	R. DERICSON YOMAN	MABUME	2009-01-02	\N	\N	\N	\N
69	2.23-683	0071309658	1	Yunita Ruth Asmuruf	Arso	2007-07-22	\N	\N	\N	\N
70	2.22-547	0071613432	0	Jonathan Blessing Rum	Manado	2007-08-20	\N	\N	\N	\N
71	2.22-553	0072080708	0	MALISON KOGOYA	KAUREH	2006-01-01	\N	\N	\N	\N
72	2.22-546	0072182555	0	Jeremie Dave Lensun	Jayapura	2007-06-25	\N	\N	\N	\N
73	2.23-644	0072454373	0	HAMZAH RIVAL OHEE	TIMIKA	2007-06-17	\N	\N	\N	\N
74	2.22-563	0072629861	0	PENUS HAGISIMIJAU	SUGAPA	2005-06-17	\N	\N	\N	\N
75	2.24-808	0072734277	1	Siska Nia Okoka	Ayapo	2009-07-09	\N	\N	\N	\N
76	2.22-537	0072861537	0	FERDI ALEXANDER KIWAK	JAYAPURA	2007-02-20	\N	\N	\N	\N
77	2.23-673	0073105249	0	Sostenes Kayame	Jayapura	2007-09-20	\N	\N	\N	\N
78	2.23-669	0073253979	0	Rizal Gonsales Mebri	ABEPURA	2008-01-02	\N	\N	\N	\N
79	2.22-536	0073257788	1	Ferderika F. Makuba	Jayapura	2007-02-19	\N	\N	\N	\N
80	2.22-599	0073355951	1	ELKANA NAHABIAL	BENAWA	2007-10-21	\N	\N	\N	\N
81	2.24-829	0073362051	0	Yordanius Mawa	yabanda	2007-02-21	\N	\N	\N	\N
82	2.23-665	0073408552	0	RAFLES BOKOS BANAL	ATBON	2007-12-07	\N	\N	\N	\N
83	2.22-555	0073907238	0	MESHAK KAIGERE	ABEPURA	2007-05-30	\N	\N	\N	\N
84	2.24-785	0073930917	0	NANFERI DEGEI	EKEPAI	2008-04-11	\N	\N	\N	\N
85	2.22-527	0074036292	1	APRILIA PAULA PEPUHO	Abepura	2007-04-17	\N	\N	\N	\N
86	2.24-704	0074412981	1	Mitha Tiara Adriana Ohee	Waena	2007-11-04	\N	\N	\N	\N
87	2.22-581	0074590234	0	Yoga Sadrack Pratama Paa	JAYAPURA	2007-03-22	\N	\N	\N	\N
88	2.23-667	0075074644	0	Rikardino Binoka Setamanki	Yumakot	2007-09-26	\N	\N	\N	\N
89	2.23-631	0075249457	0	ARISON NEWEGALEN	Wangbe	2003-04-11	\N	\N	\N	\N
90	2.22-533	0075812317	0	DIMIRON MURIB	SINAK	2003-12-06	\N	\N	\N	\N
91	2.22-531	0075972954	0	Brian Awoitauw	Puay	2007-02-01	\N	\N	\N	\N
92	2.23-686	0076124471	0	Yosam Bomol	Pensale	2007-04-29	\N	\N	\N	\N
93	2.23-662	0076217341	0	MONGAME NOPISON HAGABAL	KULAMA OGOM	2008-11-09	\N	\N	\N	\N
94	2.22-559	0076346845	0	NOTAN KIWAK	WANGBE	2007-01-09	\N	\N	\N	\N
95	2.22-582	0076617922	0	Yudha Messack Dwianto Paa	JAYAPURA	2007-03-22	\N	\N	\N	\N
96	2.22-544	0076672542	0	Jakub Jingga	JAYAPURA	2007-09-29	\N	\N	\N	\N
97	2.23-646	0077156150	1	Helena Omno Minipko	Jayapura	2007-10-18	\N	\N	\N	\N
99	2.24-810	0077226137	0	Stefanus F.Yobee	Idadagi	2007-09-18	\N	\N	\N	\N
100	2.22-566	0077291153	1	Raynelda Kambonggey	Kawagit	2006-10-01	\N	\N	\N	\N
101	2.24-703	0077561203	1	Siela Levina Ohee	Asei	2007-09-27	\N	\N	\N	\N
102	2.22-573	0077683222	0	SEPRIEL ENUMBI	ILU	2007-08-22	\N	\N	\N	\N
103	2.22-524	0078081790	0	Alfa Pattipeiluhu	LATUHALAT	2006-09-15	\N	\N	\N	\N
104	2.23-678	0078224640	0	WILLIAM DONAL ANSAKA	WAENA	2007-06-05	\N	\N	\N	\N
105	2.22-583	0078321367	0	Yudhi Abetnego Trianto Paa	JAYAPURA	2007-03-22	\N	\N	\N	\N
106	2.22-579	0079072942	0	Teyur Gelei	ILU	2007-06-27	\N	\N	\N	\N
107	2.24-783	0079211117	0	MUHAMMAD YUSUF	MAKASSAR	2007-08-17	\N	\N	\N	\N
108	2.24-787	0079398782	0	NELSON ENTONG	Kmp. Yoka	2007-04-20	\N	\N	\N	\N
109	2.22-565	0079756228	1	Priskila Anthonetha Mimitauw	Puay	2007-07-12	\N	\N	\N	\N
110	2.23-643	0079831121	0	Haikal Arya Duta Palupi	Jayapura	2007-10-21	\N	\N	\N	\N
111	2.24-769	0079916993	0	Lassarus Lomanggay	Abepura	2007-02-06	\N	\N	\N	\N
112	2.24-735	0081061572	0	DEREK YOHANES WOMBAKI	WAENA	2008-07-29	\N	\N	\N	\N
113	2.24-731	0081219989	0	David Karel Rumfabe	Jayapura	2008-12-14	\N	\N	\N	\N
114	2.24-834	0081520415	1	YOHANA RATNAWATI AWI	YOKA	2008-04-17	\N	\N	\N	\N
115	2.22-530	0081756129	0	BARNABAS ROMELUS MALAMBA	JAYAPURA	2006-06-25	\N	\N	\N	\N
116	2.23-659	0081858956	1	Naomi Wahey	Puay	2008-05-11	\N	\N	\N	\N
117	2.24-720	0081864427	1	Arsela Wenda	Batom	2008-09-18	\N	\N	\N	\N
118	2.22-545	0081891622	1	Janedh Laulia Awoitauw	Ifale	2008-01-08	\N	\N	\N	\N
119	2.24-792	0082067512	0	Philips Samuel Ballack Ohee	Sentani	2008-09-26	\N	\N	\N	\N
120	2.24-767	0082285811	0	Kris Satya Timotius H. Maling	Salatiga	2008-02-23	\N	\N	\N	\N
121	2.22-589	0082736847	0	YOPINUS DEAL	NONGME	2006-05-01	\N	\N	\N	\N
122	2.24-749	0082854500	0	HANDISON WALIANGGEN	WANAMALO	2009-02-05	\N	\N	\N	\N
123	2.24-726	0082859664	1	Chelsia Andaria	Bantik	2008-07-06	\N	\N	\N	\N
124	2.24-754	0082941194	0	HOFNI SEFNAD KULANG	JAYAPURA	2008-08-12	\N	\N	\N	\N
125	2.24-766	0083018965	1	KINDY BERYL ELYSIA HERMAWAN	JAYAPURA	2008-08-23	\N	\N	\N	\N
126	0083077281	0083077281	0	YOSAFAT BAYUM MIMIN	SABIN	2008-10-22	\N	\N	\N	\N
127	2.23-661	0083146516	0	NOLBERTH TRI JUNIOR BARAGAIN	WARMARE	2008-05-25	\N	\N	\N	\N
128	2.23-685	0083263581	0	MIKAIL ARSHAVIN SOAMOLE	MOYAG	2008-05-17	\N	\N	\N	\N
129	2.22-568	0083280528	1	Robeca Deda	Puay	2008-09-07	\N	\N	\N	\N
130	2.23-675	0083301680	0	Titus Tonchi Suebu	Hobong	2008-04-15	\N	\N	\N	\N
131	2.23-641	0083307451	0	ENOMIN WISAL	LIMIRI	2007-05-24	\N	\N	\N	\N
132	2.24-795	0083380901	0	REINDRA RIZKI MULYA	JAYAPURA	2008-12-12	\N	\N	\N	\N
133	2.24-727	0083476475	1	DAHLIA MAGDALENA IBO	SENTANI	2008-07-31	\N	\N	\N	\N
134	0083830701	0083830701	0	ABERANDUS WENDA	MAKKI	2008-11-14	\N	\N	\N	\N
135	2.24-819	0084030168	0	Janis  Mom Balinol	Bela	2007-01-06	\N	\N	\N	\N
136	2.23-654	0084241050	0	Marthen Luther Barnono Kawer	Serui	2008-03-27	\N	\N	\N	\N
137	2.23-642	0084516110	0	Fernando Meiland Ohee	Jayapura	2008-01-07	\N	\N	\N	\N
138	2.24-775	0084602722	0	Mario Christo Pulalo	Waena	2008-04-03	\N	\N	\N	\N
139	2.24-781	0084650672	1	Merince Murib	Wamena	2008-11-26	\N	\N	\N	\N
140	2.23-653	0084810476	1	MARSELA VANESA YEWI	ABEPURA	2008-03-02	\N	\N	\N	\N
141	2.24-744	0085197295	0	Filep Cleberson Kairoa	Sarmi	2008-02-17	\N	\N	\N	\N
142	2.23-638	0085215193	1	Elsye Ernawati Marlince Mebri	Yoka	2008-07-08	\N	\N	\N	\N
143	2.24-714	0085285501	0	Antonio Korneles Okoka	Kampung Ayapo	2008-04-14	\N	\N	\N	\N
144	2.24-815	0085639302	0	Viki Zulvikar	Jayapura	2008-01-16	\N	\N	\N	\N
145	2.24-760	0086150938	0	Jen Tiro	Eseib	2008-01-14	\N	\N	\N	\N
148	2.23-668	0086610687	0	Rivo Jennius Barus	KabanJahe	2008-04-17	\N	\N	\N	\N
149	2.23-649	0086762128	0	James Andika Rerung	Abepura	2008-01-01	\N	\N	\N	\N
150	2.24-747	0086922450	0	GABRIEL MARCH JEVON PORAT	ABEPURA	2008-03-02	\N	\N	\N	\N
151	2.23-639	0087529832	0	ELVINS DAIMOYE	PULEUBHE	2008-05-05	\N	\N	\N	\N
152	2.22-577	0087646287	0	TERI HESEGEM	SIMEKA 	2008-12-15	\N	\N	\N	\N
153	0087691456	0087691456	0	Valentinus Sipayung	Dolok Maraja	2008-05-11	\N	\N	\N	\N
154	2.23-650	0087883036	1	Kristin Agnes Mebri	YOKA	2008-05-16	\N	\N	\N	\N
155	2.23-687	0087991872	1	Janet Emilia Fernanda Kopouw	Abepura	2008-01-13	\N	\N	\N	\N
156	2.22-552	0088127534	1	MAHRICE AGUSTINA NERO	AYAPO	2008-01-21	\N	\N	\N	\N
157	2.24-837	0088152133	0	STEPANUS ERUBUN	SATHER	2008-10-23	\N	\N	\N	\N
158	2.23-695	0088179160	0	Muhammad Andhika Satria Ponto	Jayapura	2008-01-20	\N	\N	\N	\N
159	2.24-702	0088476676	1	Enggejelina Fay Hunam	Soe	2008-07-18	\N	\N	\N	\N
160	2.23-670	0088676608	1	RUT KATRIN TOKORO	Babrongko	2008-01-15	\N	\N	\N	\N
161	2.22-532	0089168610	0	DANIEL WALIANGGEN	KUNDIKELE	2008-01-08	\N	\N	\N	\N
162	2.24-776	0089277858	1	MARLIN WANIMBO	EGONI	2007-12-12	\N	\N	\N	\N
163	2.24-711	0089557128	0	ALFA JOHN SAUL AWOITAU	ABEPURA	2008-06-21	\N	\N	\N	\N
164	2.23-684	0089750901	0	Marthen Kevin Deda	Puay	2008-05-14	\N	\N	\N	\N
165	2.24-798	0089885683	0	RIO EWEI	ABEPURA	2008-05-16	\N	\N	\N	\N
166	2.23-621	0091223501	0	YOSUA ELOPORE	LIDIPMO	2006-12-01	\N	\N	\N	\N
167	2.24-719	0091632084	1	ARMITA KASIH YUNUS	JAYAPURA	2009-01-10	\N	\N	\N	\N
169	2.24-772	0093099660	0	MAFTUH FIRSTCHO ABDULSALAM	GUNUNG KIDUL	2009-02-14	\N	\N	\N	\N
171	2.24-718	0093665416	0	Armando Paulus Bria	Abepura	2009-06-27	\N	\N	\N	\N
172	2.24-774	0095384493	0	Marcel Lanny Kogoya	Abepura	2009-03-29	\N	\N	\N	\N
173	2.24-778	0096124798	0	MATTHEW BRAYEN MIRACLE PANGAU	JAYAPURA	2009-03-22	\N	\N	\N	\N
146	2.24-765	0086162272	0	Kevin Yewi	Kantumilen	2008-10-14	\N	\N	krnyad1c.m12.png	\N
147	2.24-817	0086531434	0	WENSISLAUS ALFARO MALLO	ABEPURA	2008-07-14	\N	\N	uyri1msz.nu0.png	\N
98	2.24--796	0077212235	1	Revalin Alya Okoka	Ayapo	2006-07-09	\N	\N	pfj3ttzy.izb.png	\N
174	2.24-730	0096289635	0	Dava Crisolith Ongge	Asei	2009-05-09	\N	\N	\N	\N
175	2.23-615	0096385301	0	Ilau Katagame	Bela	2005-04-25	\N	\N	\N	\N
176	2.24-788	0096656714	0	OIN BARA	KE'PE	2009-03-24	\N	\N	\N	\N
177	2.24-724	0096768221	1	Bunga Pita Sari	Ke'pe'	2009-07-12	\N	\N	\N	\N
178	2.24-745	0097040385	1	FLORIDA MILKA KALEMBULU	JAYAPURA	2009-02-10	\N	\N	\N	\N
179	2.24-814	0097280835	0	Valentino Albertzhon Dios Yoku	Waena	2009-02-25	\N	\N	\N	\N
180	2.24-722	0097733584	1	Beverly Kekin Ohee	Jayapura	2009-07-21	\N	\N	\N	\N
181	2.24-771	0097759264	0	Lukas Hendry Rumansara	Jayapura	2009-03-16	\N	\N	\N	\N
182	2.24-835	0097804736	0	Yusup Kabey	Puay	2009-03-28	\N	\N	\N	\N
183	2.23-698	0098053033	0	PETRUS WALUFARU	Yaniruma	2008-10-16	\N	\N	\N	\N
184	2.24-748	0098704385	1	GRACE LENORA KAIGERE	SENTANI	2009-03-02	\N	\N	\N	\N
185	2.24-756	0098791526	0	IMANUEL LUTER SOLOSSA	SORONG	2010-11-14	\N	\N	\N	\N
186	2.24-823	0098928011	1	YEKA WANENA	KUBOGUM	2009-04-22	\N	\N	\N	\N
187	2.24-758	0099090946	0	Isack Samuel Okoka	Ayapo	2009-06-29	\N	\N	\N	\N
188	2.24-738	0099695990	0	Eranto Murib	Jayapura	2009-12-27	\N	\N	\N	\N
189	2.24-789	0099791945	0	OKTEKAR GABRIEL KASIPMABIN	KOTARAJA	2009-02-23	\N	\N	\N	\N
190	2.24-712	0099960907	1	Alieda Deda	Ayapo	2009-02-05	\N	\N	\N	\N
191	2.24-812	0109016388	1	TEMINA BERYA	MANDALAK	2005-08-14	\N	\N	\N	\N
192	2.21-489	3035630360	0	PALTEN KEAN	NONGME	2003-01-08	\N	\N	\N	\N
193	2.22-538	3043254603	1	FITRI YENNI MAGAI	TIMIKA	2004-04-18	\N	\N	\N	\N
194	2.23-634	3048465272	1	Beatrix Batseba Mimitauw	Puay	2004-04-19	\N	\N	\N	\N
195	2.24-705	3059336801	0	AIEN KEAN	YOLBAN	2005-03-13	\N	\N	\N	\N
196	2.22-597	3059451948	0	ALFRED PITAWA	ERRI	2005-12-15	\N	\N	\N	\N
197	2.23-625	3062292575	0	AINUS DEAL	YOLBAN	2006-07-08	\N	\N	\N	\N
198	2.22-556	3062440003	1	Nelda Wati Weya	Mamit	2006-09-29	\N	\N	\N	\N
199	2.22-605	3062868705	0	HERUBA ARIERI	BIRI	2006-04-06	\N	\N	\N	\N
200	2.24-736	3063696993	0	Ebage Korwan	Timika	2006-07-01	\N	\N	\N	\N
201	2.24-813	3065191442	0	TEPERIUS DAPLA	LOUNDIN	2006-09-29	\N	\N	\N	\N
202	2.24-821	3066247132	0	Yermias Kadam	Manokwari	2008-08-08	\N	\N	\N	\N
203	2.23-680	3066610851	0	Yayah Wisal	Sorom	2006-04-12	\N	\N	\N	\N
204	2.23-688	3069026932	0	IRFAN KEITETAWA	ERRI	2006-02-14	\N	\N	\N	\N
205	2.23-689	3069359767	0	YORAM KEITETAWA	ERRI	2006-07-01	\N	\N	\N	\N
206	2.24-825	3071674199	0	YERI DEAL	KWARBAN	2007-01-18	\N	\N	\N	\N
207	2.22-534	3072022967	1	Dortina Kilkilto Balyo	Abepur	2007-08-01	\N	\N	\N	\N
208	2.24-777	3073162003	0	MARTHEN MABEL	ELELIM	2007-03-18	\N	\N	\N	\N
209	2.22-550	3073565106	0	Kris Numang	Beoga	2007-02-20	\N	\N	\N	\N
210	2.22-522	3073606327	0	AGUS WALILO	WELAREK	2007-06-19	\N	\N	\N	\N
211	2.22-558	3074155026	0	NOPERI NEWEGALEN	Wangbe	2007-11-15	\N	\N	\N	\N
212	2.23-672	3075482452	0	SELPIN KULKA	MERPASIKNE	2007-11-07	\N	\N	\N	\N
213	2.23-671	3075516054	0	SERO WISAL	PUKIRI	2007-07-08	\N	\N	\N	\N
214	2.24-780	3075566903	1	MELIEL BIDANA	DOLMATA	2007-05-05	\N	\N	\N	\N
215	2.25-847	3076070941	0	AHMAD RIVKI ALVIN	Jember	2007-11-18	\N	\N	\N	\N
216	2.23-664	3076258834	0	PAULUS HALERROHON	Poholanggen	2007-04-05	\N	\N	\N	\N
217	2.24-741	3077295072	0	Fajar Wicaksono	Jayapura	2007-03-15	\N	\N	\N	\N
218	2.23-681	3077483319	0	YEPIS MEKU	NOMTEREN	2007-02-04	\N	\N	\N	\N
219	2.22-584	3078165600	0	yunda yuin yigibalom	wamena	2006-08-29	\N	\N	\N	\N
220	2.24-791	3078207047	0	OTINUS KEAN	KWARBAN	2007-08-14	\N	\N	\N	\N
221	2.24-746	3079203030	0	FREDI HIKAJARI	Obogoi	2007-06-15	\N	\N	\N	\N
222	2.24-806	3079933946	0	SILAKA HIKAJARI	Obogoi	2007-03-10	\N	\N	\N	\N
224	2.24-710	3081993995	0	AINUS MEKU	DALUBAN	2008-04-08	\N	\N	\N	\N
226	2.24-824	3082989779	0	YONUS KEAN	DANIME	2008-01-16	\N	\N	\N	\N
227	2.24-838	3083100063	0	YENDIRI KEDUMAN	LIMIRI	2008-02-17	\N	\N	\N	\N
228	2.24-740	3083813670	0	FANDI WALIANGGEN	WANAMALO	2008-12-22	\N	\N	\N	\N
229	2.24-844	3083943772	1	Yulinca Weya	Jayapura	2008-02-13	\N	\N	\N	\N
230	2.24-762	3084682451	1	JULIP UROPMABIN	SABIN	2008-12-17	\N	\N	\N	\N
232	2.24-773	3085331262	0	Maikel Dell	Delun	2008-07-23	\N	\N	\N	\N
233	2.23-628	3085449950	0	Alexander Kristoforus Leonard Nemo	Abepura	2008-09-09	\N	\N	\N	\N
234	2.24-707	3086156628	0	ALFONS KENEDI NERE	YOKA	2008-02-12	\N	\N	\N	\N
235	2.23-627	3086548372	1	Alen Walianggen	Natoksili	2008-03-01	\N	\N	\N	\N
236	2.24-706	3086902617	1	AWAN DEAL	YOLBAN	2008-04-20	\N	\N	\N	\N
237	2.24-715	3087544232	0	ARIANTO MARKUS FOI	TAYAI	2008-07-08	\N	\N	\N	\N
238	2.24-737	3087977406	1	Endina Wisal	Karye	2008-07-01	\N	\N	\N	\N
239	2.24-779	3088017102	0	Mekinus Mom	Kosong	2008-01-01	\N	\N	\N	\N
240	2.23-676	3088165562	0	VANTO KIRAKLA	WELAREK	2008-04-01	\N	\N	\N	\N
241	2.23-633	3089218322	1	Awilah Anouw	Ginouda	2008-04-04	\N	\N	\N	\N
242	2.24-757	3089517062	0	IPE NAREK	EGONI	2008-10-20	\N	\N	\N	\N
243	2.24-786	3089566774	0	Nekison Kogoya	Agipaga	2008-05-09	\N	\N	\N	\N
244	2.24-732	3096000703	1	DEITE WANIMBO	PARARI	2009-02-07	\N	\N	\N	\N
245	2.24-723	3097539693	1	Beatrix Deda	Puay	2009-07-05	\N	\N	\N	\N
246	2.24-752	3098580336	1	HINAYA	SUNGGUMINASA	2009-06-21	\N	\N	\N	\N
247	2.24-805	3099405918	0	SIKSAWAN YANDO	SERMON	2009-05-20	\N	\N	\N	\N
248	2.24-820	3100560793	0	YANSEN FERDINAN MONIM	SENTANI	2010-09-25	\N	\N	\N	\N
249	2.24-751	3100969659	0	HENGKI INHUAR	SARMI	2010-08-23	\N	\N	\N	\N
250	2.24-761	3107736243	0	JERRY OHEE	SORONG	2010-10-12	\N	\N	\N	\N
251	2.24-807	3113420652	0	Simsn Yamet Weell	Sentani	2011-03-22	\N	\N	\N	\N
252	2.24-832	9986621187	0	Yulianus Wiyar	Eseib	2005-12-12	\N	\N	\N	\N
253	2.24-841	2.24-841	0	FANUEL MALO	PIPAL	2008-03-20	\N	\N	\N	\N
254	2.23-632	2.23-632	0	ARNI MUL	MERPANSIKNE	2007-03-01	\N	\N	\N	\N
231	2.24-753	3085325092	0	HIZKIA KAHO	TAYAI	2008-03-09	\N	\N	i04aulfs.0x1.png	\N
225	2.24-770	3082769513	1	LISA WEYA	PARARI	2008-05-24	\N	\N	bikxh0xm.3ad.png	\N
170	2.24-818	0093317190	1	WULAN PURNAMA LESTARI	MAKASSAR	2009-06-07	\N	\N	rshdb3hw.n5w.png	\N
168	2.24-793	0091828650	0	PUTRA PRATAMA	Jayapura	2009-01-06	\N	\N	t5jkdhxe.mw4.png	\N
223	2.24-733	3080074959	0	Deja Semboari	Yapan	2008-12-31	\N	\N	aa3cuogm.icz.png	\N
\.


--
-- TOC entry 4972 (class 0 OID 24666)
-- Dependencies: 245
-- Data for Name: TeacherAttendances; Type: TABLE DATA; Schema: public; Owner: postgres
--

COPY public."TeacherAttendances" ("Id", "TeacherId", "TimeIn", "TimeOut", "AttendanceStatus", "Description", "CreateAt") FROM stdin;
\.


--
-- TOC entry 4973 (class 0 OID 24671)
-- Dependencies: 246
-- Data for Name: Teachers; Type: TABLE DATA; Schema: public; Owner: postgres
--

COPY public."Teachers" ("Id", "RegisterNumber", "Gender", "Name", "PlaceOfBorn", "DateOfBorn", "Email", "Description", "Photo", "UserId") FROM stdin;
2	199612042024211004	0	Juan A J Lainsamputty, S.SI	Jayapura	1996-12-04	juanlainsamputty.jl@gmail.com	Tester	\N	c5441ad4-d641-4025-aafc-6c92dd521b44
40	199109192024211021	0	ANTON BERKASA	LORULUN	1991-09-19	anton@gmail.com	oke	\N	0ae84d5b-a92d-46fc-9573-fa88f5871d61
6	199611072024212010	1	CUCU NOVITA MIRANTI	BENYOM JAYA II	1996-11-07	mira@gmail.com	oke	\N	7b4c0ce6-39e7-493d-bdde-c3a47f2c430f
41	12	0	Efendi Ibrahim Fauzi	Jombang	1987-04-04	efendi@gmail.com	oke	\N	23ed1636-e6dc-4267-994f-12129f48b3b4
7	199807062024212010	1	GORETI SIANTE, S.Pd	PANGLI	1998-07-06	goreti@picket.ocph23.tech	ok	\N	29acac2b-67ad-4fe3-9a94-bef3ef0c69f4
42	198310242010041002	0	Haerudin	JAYAPURA	1983-10-24	haerudin@gmail.com	ok	\N	7742ccd6-3675-4cbd-beec-841ad6025676
4	197611272011041001	0	Himawan Setiajid	SURAKARTA	1976-11-27	himawan@gmail.com	ok	\N	7c4fcd71-706e-465f-8da3-7982138cbd61
43	197303132006051003	0	Ignatius Krisno Prabowo	SLEMAN	1973-03-13	ignatius@gmail.com	ok	\N	86f6c527-a48f-495f-8e08-e5d1096a0376
44	03	1	Isti Hani Sofia Sitorus	TANJUNG KUBAH	1992-01-01	isti@gmail.com	oke	\N	03a772d0-8aa8-4af1-ac6a-12a325252d30
45	199306072022212019	1	Julitha Duma	Abepura	1993-06-07	julitha@gmail.com	oke	\N	406f74f1-fc0a-4fa5-89a1-38c61585f0c5
46	199310142022212017	1	Kimny Yelira Hutahaean	Bekasi	1993-10-14	kimny@gmail.com	ok	\N	4396866e-58d9-40c8-9747-cbac5bebff89
8	11111111002	1	KOSTANTINA F. WANDAMANI, S.Kom	MANTEMBU	1995-01-11	konstantina@picket.ocph23.tech	ok	\N	fb5e0781-0071-40c2-b707-a871937529c6
48	04	1	Liviana Merentek	RAANAN LAMA	1995-03-21	liviana@gmail.com	ok	\N	ac3600ec-d772-4014-a103-bc60a6186ed0
49	197611122010041001	0	Markus Pali	PANGALA	1976-11-12	markus@gmail.com	oke	\N	4eada8d5-f18a-4c95-8adc-db4cd1f28638
50	198603072010042001	1	Martini Eta Ap	JAYAPURA	1986-03-07	martini@gmail.com	ok	\N	39324fe9-cc9e-4003-ab83-61e7d1c420f8
47	197304031999032009	1	Kresencia Lesomar	Biak	1973-04-03	kresencia@gmail.com	ok	\N	857b148c-df51-4eaa-b23f-3465550162cd
51	198209092022212035	1	Maryati	TULUNGAGUNG	1982-09-09	maryati@gmail.com	oke	\N	8c7b126a-ed7a-4ef0-9237-ce04d94f687b
1	511111111	0	Nasrullah	ABEPURA	1994-10-17	nasrullah@gmail.com	ok	\N	64a69439-7c29-474b-a1ea-a63c185c0b46
52	197910012006052002	1	Rachma Nusantari	Abepura	1979-10-01	rachma@gmail.com	ok	\N	ff19cd16-005b-4b8f-bfcb-73e27981b52c
53	199207182022212021	1	Rahayu Seksiani	Jayapura	1992-07-18	rahayu@gmail.com	oke	\N	a12b7968-bcf0-4343-ae4d-484ea994d659
54	197510252010042001	1	Risna Selfia Dewi	BANJARMASIN	1975-10-25	risana@gmail.com	oke	\N	dc7acd88-83a8-49f4-b7e8-8e4bb26afcea
55	198011052009092001	1	Rokhaeni Rospa	PATI	1980-11-05	rokhaeni@gmail.com	oke	\N	4aeb9830-8589-4135-9b13-11b831fbf41c
56	05	1	SINTIA MARTINA LUBIS	JAYAPURA	1998-07-22	sintia@gmail.com	oke	\N	52cd855f-7ad5-42c8-86e6-5b6d2df97474
57	198005042010042001	1	Siska Mia Wonemseba	Jayapura	1980-05-04	siska@gmail.com	ok	\N	109a6f99-3134-436e-9ae8-44e29c043c25
58	06	0	WAHYU ARDIANTO	ABEPURA	2001-10-21	wahyu@gmail.com	ok	\N	43daf596-ed32-40fc-8b49-72118f33055f
9	198207202010041001	0	Yoseph Calvin Srem, S.Si, MM	MASOHI	1982-07-20	calvinsrem@picket.ocph23.tech	oke	\N	93bb1569-b81c-43c9-8b46-743bc5847616
3	511111113	0	Yoseph Kungkung	PALOPO	1979-02-23	ocph23.test@gmail.com	oke	\N	7f9a9e2d-c1ff-47e6-a150-9caa711e7cb7
59	198206102011042001	1	Yuniar Rakhmah	Abepura	1982-06-10	yuniar@gmail.com	oke	\N	8140393d-8e3f-439f-93ef-f1a3bd9f7e3f
\.


--
-- TOC entry 4975 (class 0 OID 24677)
-- Dependencies: 248
-- Data for Name: __EFMigrationsHistory; Type: TABLE DATA; Schema: public; Owner: postgres
--

COPY public."__EFMigrationsHistory" ("MigrationId", "ProductVersion") FROM stdin;
20250129094642_Initial	8.0.10
20250201121013_attendance	8.0.10
\.


--
-- TOC entry 4981 (class 0 OID 0)
-- Dependencies: 218
-- Name: AspNetRoleClaims_Id_seq; Type: SEQUENCE SET; Schema: public; Owner: postgres
--

SELECT pg_catalog.setval('public."AspNetRoleClaims_Id_seq"', 1, false);


--
-- TOC entry 4982 (class 0 OID 0)
-- Dependencies: 221
-- Name: AspNetUserClaims_Id_seq; Type: SEQUENCE SET; Schema: public; Owner: postgres
--

SELECT pg_catalog.setval('public."AspNetUserClaims_Id_seq"', 1, false);


--
-- TOC entry 4983 (class 0 OID 0)
-- Dependencies: 227
-- Name: ClassRoomMember_Id_seq; Type: SEQUENCE SET; Schema: public; Owner: postgres
--

SELECT pg_catalog.setval('public."ClassRoomMember_Id_seq"', 172, true);


--
-- TOC entry 4984 (class 0 OID 0)
-- Dependencies: 229
-- Name: ClassRooms_Id_seq; Type: SEQUENCE SET; Schema: public; Owner: postgres
--

SELECT pg_catalog.setval('public."ClassRooms_Id_seq"', 40, true);


--
-- TOC entry 4985 (class 0 OID 0)
-- Dependencies: 231
-- Name: DailyJournal_Id_seq; Type: SEQUENCE SET; Schema: public; Owner: postgres
--

SELECT pg_catalog.setval('public."DailyJournal_Id_seq"', 1, false);


--
-- TOC entry 4986 (class 0 OID 0)
-- Dependencies: 233
-- Name: Departments_Id_seq; Type: SEQUENCE SET; Schema: public; Owner: postgres
--

SELECT pg_catalog.setval('public."Departments_Id_seq"', 6, true);


--
-- TOC entry 4987 (class 0 OID 0)
-- Dependencies: 235
-- Name: LateAndGoHomeEarly_Id_seq; Type: SEQUENCE SET; Schema: public; Owner: postgres
--

SELECT pg_catalog.setval('public."LateAndGoHomeEarly_Id_seq"', 1, false);


--
-- TOC entry 4988 (class 0 OID 0)
-- Dependencies: 237
-- Name: Picket_Id_seq; Type: SEQUENCE SET; Schema: public; Owner: postgres
--

SELECT pg_catalog.setval('public."Picket_Id_seq"', 5, true);


--
-- TOC entry 4989 (class 0 OID 0)
-- Dependencies: 239
-- Name: Schedules_Id_seq; Type: SEQUENCE SET; Schema: public; Owner: postgres
--

SELECT pg_catalog.setval('public."Schedules_Id_seq"', 10, true);


--
-- TOC entry 4990 (class 0 OID 0)
-- Dependencies: 241
-- Name: SchoolYears_Id_seq; Type: SEQUENCE SET; Schema: public; Owner: postgres
--

SELECT pg_catalog.setval('public."SchoolYears_Id_seq"', 1, true);


--
-- TOC entry 4991 (class 0 OID 0)
-- Dependencies: 244
-- Name: Students_Id_seq; Type: SEQUENCE SET; Schema: public; Owner: postgres
--

SELECT pg_catalog.setval('public."Students_Id_seq"', 254, true);


--
-- TOC entry 4992 (class 0 OID 0)
-- Dependencies: 247
-- Name: Teachers_Id_seq; Type: SEQUENCE SET; Schema: public; Owner: postgres
--

SELECT pg_catalog.setval('public."Teachers_Id_seq"', 59, true);


--
-- TOC entry 4711 (class 2606 OID 24681)
-- Name: AspNetRoleClaims PK_AspNetRoleClaims; Type: CONSTRAINT; Schema: public; Owner: postgres
--

ALTER TABLE ONLY public."AspNetRoleClaims"
    ADD CONSTRAINT "PK_AspNetRoleClaims" PRIMARY KEY ("Id");


--
-- TOC entry 4713 (class 2606 OID 24683)
-- Name: AspNetRoles PK_AspNetRoles; Type: CONSTRAINT; Schema: public; Owner: postgres
--

ALTER TABLE ONLY public."AspNetRoles"
    ADD CONSTRAINT "PK_AspNetRoles" PRIMARY KEY ("Id");


--
-- TOC entry 4717 (class 2606 OID 24685)
-- Name: AspNetUserClaims PK_AspNetUserClaims; Type: CONSTRAINT; Schema: public; Owner: postgres
--

ALTER TABLE ONLY public."AspNetUserClaims"
    ADD CONSTRAINT "PK_AspNetUserClaims" PRIMARY KEY ("Id");


--
-- TOC entry 4720 (class 2606 OID 24687)
-- Name: AspNetUserLogins PK_AspNetUserLogins; Type: CONSTRAINT; Schema: public; Owner: postgres
--

ALTER TABLE ONLY public."AspNetUserLogins"
    ADD CONSTRAINT "PK_AspNetUserLogins" PRIMARY KEY ("LoginProvider", "ProviderKey");


--
-- TOC entry 4723 (class 2606 OID 24689)
-- Name: AspNetUserRoles PK_AspNetUserRoles; Type: CONSTRAINT; Schema: public; Owner: postgres
--

ALTER TABLE ONLY public."AspNetUserRoles"
    ADD CONSTRAINT "PK_AspNetUserRoles" PRIMARY KEY ("UserId", "RoleId");


--
-- TOC entry 4725 (class 2606 OID 24691)
-- Name: AspNetUserTokens PK_AspNetUserTokens; Type: CONSTRAINT; Schema: public; Owner: postgres
--

ALTER TABLE ONLY public."AspNetUserTokens"
    ADD CONSTRAINT "PK_AspNetUserTokens" PRIMARY KEY ("UserId", "LoginProvider", "Name");


--
-- TOC entry 4728 (class 2606 OID 24693)
-- Name: AspNetUsers PK_AspNetUsers; Type: CONSTRAINT; Schema: public; Owner: postgres
--

ALTER TABLE ONLY public."AspNetUsers"
    ADD CONSTRAINT "PK_AspNetUsers" PRIMARY KEY ("Id");


--
-- TOC entry 4733 (class 2606 OID 24695)
-- Name: ClassRoomMember PK_ClassRoomMember; Type: CONSTRAINT; Schema: public; Owner: postgres
--

ALTER TABLE ONLY public."ClassRoomMember"
    ADD CONSTRAINT "PK_ClassRoomMember" PRIMARY KEY ("Id");


--
-- TOC entry 4739 (class 2606 OID 24697)
-- Name: ClassRooms PK_ClassRooms; Type: CONSTRAINT; Schema: public; Owner: postgres
--

ALTER TABLE ONLY public."ClassRooms"
    ADD CONSTRAINT "PK_ClassRooms" PRIMARY KEY ("Id");


--
-- TOC entry 4743 (class 2606 OID 24699)
-- Name: DailyJournal PK_DailyJournal; Type: CONSTRAINT; Schema: public; Owner: postgres
--

ALTER TABLE ONLY public."DailyJournal"
    ADD CONSTRAINT "PK_DailyJournal" PRIMARY KEY ("Id");


--
-- TOC entry 4745 (class 2606 OID 24701)
-- Name: Departments PK_Departments; Type: CONSTRAINT; Schema: public; Owner: postgres
--

ALTER TABLE ONLY public."Departments"
    ADD CONSTRAINT "PK_Departments" PRIMARY KEY ("Id");


--
-- TOC entry 4750 (class 2606 OID 24703)
-- Name: LateAndGoHomeEarly PK_LateAndGoHomeEarly; Type: CONSTRAINT; Schema: public; Owner: postgres
--

ALTER TABLE ONLY public."LateAndGoHomeEarly"
    ADD CONSTRAINT "PK_LateAndGoHomeEarly" PRIMARY KEY ("Id");


--
-- TOC entry 4754 (class 2606 OID 24705)
-- Name: Picket PK_Picket; Type: CONSTRAINT; Schema: public; Owner: postgres
--

ALTER TABLE ONLY public."Picket"
    ADD CONSTRAINT "PK_Picket" PRIMARY KEY ("Id");


--
-- TOC entry 4758 (class 2606 OID 24707)
-- Name: Schedules PK_Schedules; Type: CONSTRAINT; Schema: public; Owner: postgres
--

ALTER TABLE ONLY public."Schedules"
    ADD CONSTRAINT "PK_Schedules" PRIMARY KEY ("Id");


--
-- TOC entry 4761 (class 2606 OID 24709)
-- Name: SchoolYears PK_SchoolYears; Type: CONSTRAINT; Schema: public; Owner: postgres
--

ALTER TABLE ONLY public."SchoolYears"
    ADD CONSTRAINT "PK_SchoolYears" PRIMARY KEY ("Id");


--
-- TOC entry 4765 (class 2606 OID 24711)
-- Name: StudentAttendaces PK_StudentAttendaces; Type: CONSTRAINT; Schema: public; Owner: postgres
--

ALTER TABLE ONLY public."StudentAttendaces"
    ADD CONSTRAINT "PK_StudentAttendaces" PRIMARY KEY ("Id");


--
-- TOC entry 4768 (class 2606 OID 24713)
-- Name: Students PK_Students; Type: CONSTRAINT; Schema: public; Owner: postgres
--

ALTER TABLE ONLY public."Students"
    ADD CONSTRAINT "PK_Students" PRIMARY KEY ("Id");


--
-- TOC entry 4771 (class 2606 OID 24715)
-- Name: TeacherAttendances PK_TeacherAttendances; Type: CONSTRAINT; Schema: public; Owner: postgres
--

ALTER TABLE ONLY public."TeacherAttendances"
    ADD CONSTRAINT "PK_TeacherAttendances" PRIMARY KEY ("Id");


--
-- TOC entry 4773 (class 2606 OID 24717)
-- Name: Teachers PK_Teachers; Type: CONSTRAINT; Schema: public; Owner: postgres
--

ALTER TABLE ONLY public."Teachers"
    ADD CONSTRAINT "PK_Teachers" PRIMARY KEY ("Id");


--
-- TOC entry 4775 (class 2606 OID 24719)
-- Name: __EFMigrationsHistory PK___EFMigrationsHistory; Type: CONSTRAINT; Schema: public; Owner: postgres
--

ALTER TABLE ONLY public."__EFMigrationsHistory"
    ADD CONSTRAINT "PK___EFMigrationsHistory" PRIMARY KEY ("MigrationId");


--
-- TOC entry 4726 (class 1259 OID 24720)
-- Name: EmailIndex; Type: INDEX; Schema: public; Owner: postgres
--

CREATE INDEX "EmailIndex" ON public."AspNetUsers" USING btree ("NormalizedEmail");


--
-- TOC entry 4709 (class 1259 OID 24721)
-- Name: IX_AspNetRoleClaims_RoleId; Type: INDEX; Schema: public; Owner: postgres
--

CREATE INDEX "IX_AspNetRoleClaims_RoleId" ON public."AspNetRoleClaims" USING btree ("RoleId");


--
-- TOC entry 4715 (class 1259 OID 24722)
-- Name: IX_AspNetUserClaims_UserId; Type: INDEX; Schema: public; Owner: postgres
--

CREATE INDEX "IX_AspNetUserClaims_UserId" ON public."AspNetUserClaims" USING btree ("UserId");


--
-- TOC entry 4718 (class 1259 OID 24723)
-- Name: IX_AspNetUserLogins_UserId; Type: INDEX; Schema: public; Owner: postgres
--

CREATE INDEX "IX_AspNetUserLogins_UserId" ON public."AspNetUserLogins" USING btree ("UserId");


--
-- TOC entry 4721 (class 1259 OID 24724)
-- Name: IX_AspNetUserRoles_RoleId; Type: INDEX; Schema: public; Owner: postgres
--

CREATE INDEX "IX_AspNetUserRoles_RoleId" ON public."AspNetUserRoles" USING btree ("RoleId");


--
-- TOC entry 4730 (class 1259 OID 24725)
-- Name: IX_ClassRoomMember_ClassRoomId; Type: INDEX; Schema: public; Owner: postgres
--

CREATE INDEX "IX_ClassRoomMember_ClassRoomId" ON public."ClassRoomMember" USING btree ("ClassRoomId");


--
-- TOC entry 4731 (class 1259 OID 24726)
-- Name: IX_ClassRoomMember_StudentId; Type: INDEX; Schema: public; Owner: postgres
--

CREATE INDEX "IX_ClassRoomMember_StudentId" ON public."ClassRoomMember" USING btree ("StudentId");


--
-- TOC entry 4734 (class 1259 OID 24727)
-- Name: IX_ClassRooms_ClassLeaderId; Type: INDEX; Schema: public; Owner: postgres
--

CREATE INDEX "IX_ClassRooms_ClassLeaderId" ON public."ClassRooms" USING btree ("ClassLeaderId");


--
-- TOC entry 4735 (class 1259 OID 24728)
-- Name: IX_ClassRooms_DepartmentId; Type: INDEX; Schema: public; Owner: postgres
--

CREATE INDEX "IX_ClassRooms_DepartmentId" ON public."ClassRooms" USING btree ("DepartmentId");


--
-- TOC entry 4736 (class 1259 OID 24729)
-- Name: IX_ClassRooms_HomeroomTeacherId; Type: INDEX; Schema: public; Owner: postgres
--

CREATE INDEX "IX_ClassRooms_HomeroomTeacherId" ON public."ClassRooms" USING btree ("HomeroomTeacherId");


--
-- TOC entry 4737 (class 1259 OID 24730)
-- Name: IX_ClassRooms_SchoolYearId; Type: INDEX; Schema: public; Owner: postgres
--

CREATE INDEX "IX_ClassRooms_SchoolYearId" ON public."ClassRooms" USING btree ("SchoolYearId");


--
-- TOC entry 4740 (class 1259 OID 24731)
-- Name: IX_DailyJournal_PicketId; Type: INDEX; Schema: public; Owner: postgres
--

CREATE INDEX "IX_DailyJournal_PicketId" ON public."DailyJournal" USING btree ("PicketId");


--
-- TOC entry 4741 (class 1259 OID 24732)
-- Name: IX_DailyJournal_TeacherId; Type: INDEX; Schema: public; Owner: postgres
--

CREATE INDEX "IX_DailyJournal_TeacherId" ON public."DailyJournal" USING btree ("TeacherId");


--
-- TOC entry 4746 (class 1259 OID 24733)
-- Name: IX_LateAndGoHomeEarly_CreatedById; Type: INDEX; Schema: public; Owner: postgres
--

CREATE INDEX "IX_LateAndGoHomeEarly_CreatedById" ON public."LateAndGoHomeEarly" USING btree ("CreatedById");


--
-- TOC entry 4747 (class 1259 OID 24734)
-- Name: IX_LateAndGoHomeEarly_PicketId; Type: INDEX; Schema: public; Owner: postgres
--

CREATE INDEX "IX_LateAndGoHomeEarly_PicketId" ON public."LateAndGoHomeEarly" USING btree ("PicketId");


--
-- TOC entry 4748 (class 1259 OID 24735)
-- Name: IX_LateAndGoHomeEarly_StudentId; Type: INDEX; Schema: public; Owner: postgres
--

CREATE INDEX "IX_LateAndGoHomeEarly_StudentId" ON public."LateAndGoHomeEarly" USING btree ("StudentId");


--
-- TOC entry 4751 (class 1259 OID 24736)
-- Name: IX_Picket_CreatedById; Type: INDEX; Schema: public; Owner: postgres
--

CREATE INDEX "IX_Picket_CreatedById" ON public."Picket" USING btree ("CreatedById");


--
-- TOC entry 4752 (class 1259 OID 24737)
-- Name: IX_Picket_Date; Type: INDEX; Schema: public; Owner: postgres
--

CREATE INDEX "IX_Picket_Date" ON public."Picket" USING btree ("Date");


--
-- TOC entry 4755 (class 1259 OID 24738)
-- Name: IX_Schedules_SchoolYearId; Type: INDEX; Schema: public; Owner: postgres
--

CREATE INDEX "IX_Schedules_SchoolYearId" ON public."Schedules" USING btree ("SchoolYearId");


--
-- TOC entry 4756 (class 1259 OID 24739)
-- Name: IX_Schedules_TeacherId; Type: INDEX; Schema: public; Owner: postgres
--

CREATE INDEX "IX_Schedules_TeacherId" ON public."Schedules" USING btree ("TeacherId");


--
-- TOC entry 4759 (class 1259 OID 24740)
-- Name: IX_SchoolYears_Year_Semester; Type: INDEX; Schema: public; Owner: postgres
--

CREATE UNIQUE INDEX "IX_SchoolYears_Year_Semester" ON public."SchoolYears" USING btree ("Year", "Semester");


--
-- TOC entry 4762 (class 1259 OID 24741)
-- Name: IX_StudentAttendaces_PicketId; Type: INDEX; Schema: public; Owner: postgres
--

CREATE INDEX "IX_StudentAttendaces_PicketId" ON public."StudentAttendaces" USING btree ("PicketId");


--
-- TOC entry 4763 (class 1259 OID 24742)
-- Name: IX_StudentAttendaces_StudentId; Type: INDEX; Schema: public; Owner: postgres
--

CREATE INDEX "IX_StudentAttendaces_StudentId" ON public."StudentAttendaces" USING btree ("StudentId");


--
-- TOC entry 4766 (class 1259 OID 24743)
-- Name: IX_Students_NIS; Type: INDEX; Schema: public; Owner: postgres
--

CREATE INDEX "IX_Students_NIS" ON public."Students" USING btree ("NIS");


--
-- TOC entry 4769 (class 1259 OID 24744)
-- Name: IX_TeacherAttendances_TeacherId; Type: INDEX; Schema: public; Owner: postgres
--

CREATE INDEX "IX_TeacherAttendances_TeacherId" ON public."TeacherAttendances" USING btree ("TeacherId");


--
-- TOC entry 4714 (class 1259 OID 24745)
-- Name: RoleNameIndex; Type: INDEX; Schema: public; Owner: postgres
--

CREATE UNIQUE INDEX "RoleNameIndex" ON public."AspNetRoles" USING btree ("NormalizedName");


--
-- TOC entry 4729 (class 1259 OID 24746)
-- Name: UserNameIndex; Type: INDEX; Schema: public; Owner: postgres
--

CREATE UNIQUE INDEX "UserNameIndex" ON public."AspNetUsers" USING btree ("NormalizedUserName");


--
-- TOC entry 4776 (class 2606 OID 24747)
-- Name: AspNetRoleClaims FK_AspNetRoleClaims_AspNetRoles_RoleId; Type: FK CONSTRAINT; Schema: public; Owner: postgres
--

ALTER TABLE ONLY public."AspNetRoleClaims"
    ADD CONSTRAINT "FK_AspNetRoleClaims_AspNetRoles_RoleId" FOREIGN KEY ("RoleId") REFERENCES public."AspNetRoles"("Id") ON DELETE CASCADE;


--
-- TOC entry 4777 (class 2606 OID 24752)
-- Name: AspNetUserClaims FK_AspNetUserClaims_AspNetUsers_UserId; Type: FK CONSTRAINT; Schema: public; Owner: postgres
--

ALTER TABLE ONLY public."AspNetUserClaims"
    ADD CONSTRAINT "FK_AspNetUserClaims_AspNetUsers_UserId" FOREIGN KEY ("UserId") REFERENCES public."AspNetUsers"("Id") ON DELETE CASCADE;


--
-- TOC entry 4778 (class 2606 OID 24757)
-- Name: AspNetUserLogins FK_AspNetUserLogins_AspNetUsers_UserId; Type: FK CONSTRAINT; Schema: public; Owner: postgres
--

ALTER TABLE ONLY public."AspNetUserLogins"
    ADD CONSTRAINT "FK_AspNetUserLogins_AspNetUsers_UserId" FOREIGN KEY ("UserId") REFERENCES public."AspNetUsers"("Id") ON DELETE CASCADE;


--
-- TOC entry 4779 (class 2606 OID 24762)
-- Name: AspNetUserRoles FK_AspNetUserRoles_AspNetRoles_RoleId; Type: FK CONSTRAINT; Schema: public; Owner: postgres
--

ALTER TABLE ONLY public."AspNetUserRoles"
    ADD CONSTRAINT "FK_AspNetUserRoles_AspNetRoles_RoleId" FOREIGN KEY ("RoleId") REFERENCES public."AspNetRoles"("Id") ON DELETE CASCADE;


--
-- TOC entry 4780 (class 2606 OID 24767)
-- Name: AspNetUserRoles FK_AspNetUserRoles_AspNetUsers_UserId; Type: FK CONSTRAINT; Schema: public; Owner: postgres
--

ALTER TABLE ONLY public."AspNetUserRoles"
    ADD CONSTRAINT "FK_AspNetUserRoles_AspNetUsers_UserId" FOREIGN KEY ("UserId") REFERENCES public."AspNetUsers"("Id") ON DELETE CASCADE;


--
-- TOC entry 4781 (class 2606 OID 24772)
-- Name: AspNetUserTokens FK_AspNetUserTokens_AspNetUsers_UserId; Type: FK CONSTRAINT; Schema: public; Owner: postgres
--

ALTER TABLE ONLY public."AspNetUserTokens"
    ADD CONSTRAINT "FK_AspNetUserTokens_AspNetUsers_UserId" FOREIGN KEY ("UserId") REFERENCES public."AspNetUsers"("Id") ON DELETE CASCADE;


--
-- TOC entry 4782 (class 2606 OID 24777)
-- Name: ClassRoomMember FK_ClassRoomMember_ClassRooms_ClassRoomId; Type: FK CONSTRAINT; Schema: public; Owner: postgres
--

ALTER TABLE ONLY public."ClassRoomMember"
    ADD CONSTRAINT "FK_ClassRoomMember_ClassRooms_ClassRoomId" FOREIGN KEY ("ClassRoomId") REFERENCES public."ClassRooms"("Id");


--
-- TOC entry 4783 (class 2606 OID 24782)
-- Name: ClassRoomMember FK_ClassRoomMember_Students_StudentId; Type: FK CONSTRAINT; Schema: public; Owner: postgres
--

ALTER TABLE ONLY public."ClassRoomMember"
    ADD CONSTRAINT "FK_ClassRoomMember_Students_StudentId" FOREIGN KEY ("StudentId") REFERENCES public."Students"("Id") ON DELETE CASCADE;


--
-- TOC entry 4784 (class 2606 OID 24787)
-- Name: ClassRooms FK_ClassRooms_Departments_DepartmentId; Type: FK CONSTRAINT; Schema: public; Owner: postgres
--

ALTER TABLE ONLY public."ClassRooms"
    ADD CONSTRAINT "FK_ClassRooms_Departments_DepartmentId" FOREIGN KEY ("DepartmentId") REFERENCES public."Departments"("Id") ON DELETE CASCADE;


--
-- TOC entry 4785 (class 2606 OID 24792)
-- Name: ClassRooms FK_ClassRooms_SchoolYears_SchoolYearId; Type: FK CONSTRAINT; Schema: public; Owner: postgres
--

ALTER TABLE ONLY public."ClassRooms"
    ADD CONSTRAINT "FK_ClassRooms_SchoolYears_SchoolYearId" FOREIGN KEY ("SchoolYearId") REFERENCES public."SchoolYears"("Id") ON DELETE CASCADE;


--
-- TOC entry 4786 (class 2606 OID 24797)
-- Name: ClassRooms FK_ClassRooms_Students_ClassLeaderId; Type: FK CONSTRAINT; Schema: public; Owner: postgres
--

ALTER TABLE ONLY public."ClassRooms"
    ADD CONSTRAINT "FK_ClassRooms_Students_ClassLeaderId" FOREIGN KEY ("ClassLeaderId") REFERENCES public."Students"("Id");


--
-- TOC entry 4787 (class 2606 OID 24802)
-- Name: ClassRooms FK_ClassRooms_Teachers_HomeroomTeacherId; Type: FK CONSTRAINT; Schema: public; Owner: postgres
--

ALTER TABLE ONLY public."ClassRooms"
    ADD CONSTRAINT "FK_ClassRooms_Teachers_HomeroomTeacherId" FOREIGN KEY ("HomeroomTeacherId") REFERENCES public."Teachers"("Id");


--
-- TOC entry 4788 (class 2606 OID 24807)
-- Name: DailyJournal FK_DailyJournal_Picket_PicketId; Type: FK CONSTRAINT; Schema: public; Owner: postgres
--

ALTER TABLE ONLY public."DailyJournal"
    ADD CONSTRAINT "FK_DailyJournal_Picket_PicketId" FOREIGN KEY ("PicketId") REFERENCES public."Picket"("Id");


--
-- TOC entry 4789 (class 2606 OID 24812)
-- Name: DailyJournal FK_DailyJournal_Teachers_TeacherId; Type: FK CONSTRAINT; Schema: public; Owner: postgres
--

ALTER TABLE ONLY public."DailyJournal"
    ADD CONSTRAINT "FK_DailyJournal_Teachers_TeacherId" FOREIGN KEY ("TeacherId") REFERENCES public."Teachers"("Id") ON DELETE CASCADE;


--
-- TOC entry 4790 (class 2606 OID 24817)
-- Name: LateAndGoHomeEarly FK_LateAndGoHomeEarly_Picket_PicketId; Type: FK CONSTRAINT; Schema: public; Owner: postgres
--

ALTER TABLE ONLY public."LateAndGoHomeEarly"
    ADD CONSTRAINT "FK_LateAndGoHomeEarly_Picket_PicketId" FOREIGN KEY ("PicketId") REFERENCES public."Picket"("Id");


--
-- TOC entry 4791 (class 2606 OID 24822)
-- Name: LateAndGoHomeEarly FK_LateAndGoHomeEarly_Students_StudentId; Type: FK CONSTRAINT; Schema: public; Owner: postgres
--

ALTER TABLE ONLY public."LateAndGoHomeEarly"
    ADD CONSTRAINT "FK_LateAndGoHomeEarly_Students_StudentId" FOREIGN KEY ("StudentId") REFERENCES public."Students"("Id");


--
-- TOC entry 4792 (class 2606 OID 24827)
-- Name: LateAndGoHomeEarly FK_LateAndGoHomeEarly_Teachers_CreatedById; Type: FK CONSTRAINT; Schema: public; Owner: postgres
--

ALTER TABLE ONLY public."LateAndGoHomeEarly"
    ADD CONSTRAINT "FK_LateAndGoHomeEarly_Teachers_CreatedById" FOREIGN KEY ("CreatedById") REFERENCES public."Teachers"("Id");


--
-- TOC entry 4793 (class 2606 OID 24832)
-- Name: Picket FK_Picket_Teachers_CreatedById; Type: FK CONSTRAINT; Schema: public; Owner: postgres
--

ALTER TABLE ONLY public."Picket"
    ADD CONSTRAINT "FK_Picket_Teachers_CreatedById" FOREIGN KEY ("CreatedById") REFERENCES public."Teachers"("Id");


--
-- TOC entry 4794 (class 2606 OID 24837)
-- Name: Schedules FK_Schedules_SchoolYears_SchoolYearId; Type: FK CONSTRAINT; Schema: public; Owner: postgres
--

ALTER TABLE ONLY public."Schedules"
    ADD CONSTRAINT "FK_Schedules_SchoolYears_SchoolYearId" FOREIGN KEY ("SchoolYearId") REFERENCES public."SchoolYears"("Id") ON DELETE CASCADE;


--
-- TOC entry 4795 (class 2606 OID 24842)
-- Name: Schedules FK_Schedules_Teachers_TeacherId; Type: FK CONSTRAINT; Schema: public; Owner: postgres
--

ALTER TABLE ONLY public."Schedules"
    ADD CONSTRAINT "FK_Schedules_Teachers_TeacherId" FOREIGN KEY ("TeacherId") REFERENCES public."Teachers"("Id") ON DELETE CASCADE;


--
-- TOC entry 4796 (class 2606 OID 24847)
-- Name: StudentAttendaces FK_StudentAttendaces_Picket_PicketId; Type: FK CONSTRAINT; Schema: public; Owner: postgres
--

ALTER TABLE ONLY public."StudentAttendaces"
    ADD CONSTRAINT "FK_StudentAttendaces_Picket_PicketId" FOREIGN KEY ("PicketId") REFERENCES public."Picket"("Id") ON DELETE CASCADE;


--
-- TOC entry 4797 (class 2606 OID 24852)
-- Name: StudentAttendaces FK_StudentAttendaces_Students_StudentId; Type: FK CONSTRAINT; Schema: public; Owner: postgres
--

ALTER TABLE ONLY public."StudentAttendaces"
    ADD CONSTRAINT "FK_StudentAttendaces_Students_StudentId" FOREIGN KEY ("StudentId") REFERENCES public."Students"("Id") ON DELETE CASCADE;


--
-- TOC entry 4798 (class 2606 OID 24857)
-- Name: TeacherAttendances FK_TeacherAttendances_Teachers_TeacherId; Type: FK CONSTRAINT; Schema: public; Owner: postgres
--

ALTER TABLE ONLY public."TeacherAttendances"
    ADD CONSTRAINT "FK_TeacherAttendances_Teachers_TeacherId" FOREIGN KEY ("TeacherId") REFERENCES public."Teachers"("Id");


-- Completed on 2025-02-26 14:20:54

--
-- PostgreSQL database dump complete
--

